states	blk	!	"	#	$	%	&	'	(	)	*	+	,	-	.	/	0	1	2	3	4	5	6	7	8	9	:	;	<	=	>	?	@	A	B	C	D	E	F	G	H	I	J	K	L	M	N	O	P	Q	R	S	T	U	V	W	X	Y	Z	[	\	]	^	_	`	a	b	c	d	e	f	g	h	i	j	k	l	m	n	o	p	q	r	s	t	u	v	w	x	y	z	{	|	}	~	unc
&	sta_++	!_++	"_++	#_++	$_++	%_++	&&	'_++	(_++	)_++	*_++	+_++	,_++	-_++	._++	/_++	0_++	int_++	int_++	int_++	int_++	int_++	int_++	int_++	int_++	int_++	:_++	;_++	<_++	=_++	>_++	?_++	@_++	id_++	id_++	id_++	id_++	id_++	id_++	id_++	id_++	id_++	id_++	id_++	id_++	id_++	id_++	id_++	id_++	id_++	id_++	id_++	id_++	id_++	id_++	id_++	id_++	id_++	id_++	[_++	sta_++	]_++	^_++	__++	sta_++	id_++	b_++	c_++	d_++	e_++	f_++	g_++	id_++	i_++	id_++	id_++	id_++	m_++	n_++	id_++	p_++	id_++	r_++	s_++	t_++	u_++	v_++	w_++	id_++	id_++	id_++	{_++	|_++	}_++	~_++	unc
]	sta_++	!_++	"_++	#_++	$_++	%_++	&_++	'_++	(_++	)_++	*_++	+_++	,_++	-_++	._++	/_++	0_++	int_++	int_++	int_++	int_++	int_++	int_++	int_++	int_++	int_++	:_++	;_++	<_++	=_++	>_++	?_++	@_++	id_++	id_++	id_++	id_++	id_++	id_++	id_++	id_++	id_++	id_++	id_++	id_++	id_++	id_++	id_++	id_++	id_++	id_++	id_++	id_++	id_++	id_++	id_++	id_++	id_++	id_++	[_++	sta_++	]_++	^_++	__++	sta_++	id_++	b_++	c_++	d_++	e_++	f_++	g_++	id_++	i_++	id_++	id_++	id_++	m_++	n_++	id_++	p_++	id_++	r_++	s_++	t_++	u_++	v_++	w_++	id_++	id_++	id_++	{_++	|_++	}_++	~_++	unc
null	sta_++	!_++	"_++	#_++	$_++	%_++	&_++	'_++	(_++	)_++	*_++	+_++	,_++	-_++	._++	/_++	id	id	id	id	id	id	id	id	id	id	:_++	;_++	<_++	=_++	>_++	?_++	@_++	id	id	id	id	id	id	id	id	id	id	id	id	id	id	id	id	id	id	id	id	id	id	id	id	id	id	[_++	sta_++	]_++	^_++	__++	sta_++	id	id	id	id	id	id	id	id	id	id	id	id	id	id	id	id	id	id	id	id	id	id	id	id	id	id	{_++	|_++	}_++	~_++	unc
i8	sta_++	!_++	"_++	#_++	$_++	%_++	&_++	'_++	(_++	)_++	*_++	+_++	,_++	-_++	._++	/_++	id	id	id	id	id	id	id	id	id	id	:_++	;_++	<_++	=_++	>_++	?_++	@_++	id	id	id	id	id	id	id	id	id	id	id	id	id	id	id	id	id	id	id	id	id	id	id	id	id	id	[_++	sta_++	]_++	^_++	__++	sta_++	id	id	id	id	id	id	id	id	id	id	id	id	id	id	id	id	id	id	id	id	id	id	id	id	id	id	{_++	|_++	}_++	~_++	unc
==	sta_++	!_++	"_++	#_++	$_++	%_++	&_++	'_++	(_++	)_++	*_++	+_++	,_++	-_++	._++	/_++	0_++	int_++	int_++	int_++	int_++	int_++	int_++	int_++	int_++	int_++	:_++	;_++	<_++	=_++	>_++	?_++	@_++	id_++	id_++	id_++	id_++	id_++	id_++	id_++	id_++	id_++	id_++	id_++	id_++	id_++	id_++	id_++	id_++	id_++	id_++	id_++	id_++	id_++	id_++	id_++	id_++	id_++	id_++	[_++	sta_++	]_++	^_++	__++	sta_++	id_++	b_++	c_++	d_++	e_++	f_++	g_++	id_++	i_++	id_++	id_++	id_++	m_++	n_++	id_++	p_++	id_++	r_++	s_++	t_++	u_++	v_++	w_++	id_++	id_++	id_++	{_++	|_++	}_++	~_++	unc
whil	sta_++	!_++	"_++	#_++	$_++	%_++	&_++	'_++	(_++	)_++	*_++	+_++	,_++	-_++	._++	/_++	id	id	id	id	id	id	id	id	id	id	:_++	;_++	<_++	=_++	>_++	?_++	@_++	id	id	id	id	id	id	id	id	id	id	id	id	id	id	id	id	id	id	id	id	id	id	id	id	id	id	[_++	sta_++	]_++	^_++	__++	sta_++	id	id	id	id	while	id	id	id	id	id	id	id	id	id	id	id	id	id	id	id	id	id	id	id	id	id	{_++	|_++	}_++	~_++	unc
return	sta_++	!_++	"_++	#_++	$_++	%_++	&_++	'_++	(_++	)_++	*_++	+_++	,_++	-_++	._++	/_++	id	id	id	id	id	id	id	id	id	id	:_++	;_++	<_++	=_++	>_++	?_++	@_++	id	id	id	id	id	id	id	id	id	id	id	id	id	id	id	id	id	id	id	id	id	id	id	id	id	id	[_++	sta_++	]_++	^_++	__++	sta_++	id	id	id	id	id	id	id	id	id	id	id	id	id	id	id	id	id	id	id	id	id	id	id	id	id	id	{_++	|_++	}_++	~_++	unc
boo	sta_++	!_++	"_++	#_++	$_++	%_++	&_++	'_++	(_++	)_++	*_++	+_++	,_++	-_++	._++	/_++	id	id	id	id	id	id	id	id	id	id	:_++	;_++	<_++	=_++	>_++	?_++	@_++	id	id	id	id	id	id	id	id	id	id	id	id	id	id	id	id	id	id	id	id	id	id	id	id	id	id	[_++	sta_++	]_++	^_++	__++	sta_++	id	id	id	id	id	id	id	id	id	id	id	bool	id	id	id	id	id	id	id	id	id	id	id	id	id	id	{_++	|_++	}_++	~_++	unc
d	sta_++	!_++	"_++	#_++	$_++	%_++	&_++	'_++	(_++	)_++	*_++	+_++	,_++	-_++	._++	/_++	id	id	id	id	id	id	id	id	id	id	:_++	;_++	<_++	=_++	>_++	?_++	@_++	id	id	id	id	id	id	id	id	id	id	id	id	id	id	id	id	id	id	id	id	id	id	id	id	id	id	[_++	sta_++	]_++	^_++	__++	sta_++	id	id	id	id	de	id	id	id	id	id	id	id	id	id	do	id	id	id	id	id	id	id	id	id	id	id	{_++	|_++	}_++	~_++	unc
!@	sta_++	!_++	"_++	#_++	$_++	%_++	&_++	'_++	(_++	)_++	*_++	+_++	,_++	-_++	._++	/_++	0_++	int_++	int_++	int_++	int_++	int_++	int_++	int_++	int_++	int_++	:_++	;_++	<_++	=_++	>_++	?_++	@_++	id_++	id_++	id_++	id_++	id_++	id_++	id_++	id_++	id_++	id_++	id_++	id_++	id_++	id_++	id_++	id_++	id_++	id_++	id_++	id_++	id_++	id_++	id_++	id_++	id_++	id_++	[_++	sta_++	]_++	^_++	__++	sta_++	id_++	b_++	c_++	d_++	e_++	f_++	g_++	id_++	i_++	id_++	id_++	id_++	m_++	n_++	id_++	p_++	id_++	r_++	s_++	t_++	u_++	v_++	w_++	id_++	id_++	id_++	{_++	|_++	}_++	~_++	unc
+=	sta_++	!_++	"_++	#_++	$_++	%_++	&_++	'_++	(_++	)_++	*_++	+_++	,_++	-_++	._++	/_++	0_++	int_++	int_++	int_++	int_++	int_++	int_++	int_++	int_++	int_++	:_++	;_++	<_++	=_++	>_++	?_++	@_++	id_++	id_++	id_++	id_++	id_++	id_++	id_++	id_++	id_++	id_++	id_++	id_++	id_++	id_++	id_++	id_++	id_++	id_++	id_++	id_++	id_++	id_++	id_++	id_++	id_++	id_++	[_++	sta_++	]_++	^_++	__++	sta_++	id_++	b_++	c_++	d_++	e_++	f_++	g_++	id_++	i_++	id_++	id_++	id_++	m_++	n_++	id_++	p_++	id_++	r_++	s_++	t_++	u_++	v_++	w_++	id_++	id_++	id_++	{_++	|_++	}_++	~_++	unc
prin	sta_++	!_++	"_++	#_++	$_++	%_++	&_++	'_++	(_++	)_++	*_++	+_++	,_++	-_++	._++	/_++	id	id	id	id	id	id	id	id	id	id	:_++	;_++	<_++	=_++	>_++	?_++	@_++	id	id	id	id	id	id	id	id	id	id	id	id	id	id	id	id	id	id	id	id	id	id	id	id	id	id	[_++	sta_++	]_++	^_++	__++	sta_++	id	id	id	id	id	id	id	id	id	id	id	id	id	id	id	id	id	id	id	print	id	id	id	id	id	id	{_++	|_++	}_++	~_++	unc
ty	sta_++	!_++	"_++	#_++	$_++	%_++	&_++	'_++	(_++	)_++	*_++	+_++	,_++	-_++	._++	/_++	id	id	id	id	id	id	id	id	id	id	:_++	;_++	<_++	=_++	>_++	?_++	@_++	id	id	id	id	id	id	id	id	id	id	id	id	id	id	id	id	id	id	id	id	id	id	id	id	id	id	[_++	sta_++	]_++	^_++	__++	sta_++	id	id	id	id	id	id	id	id	id	id	id	id	id	id	id	typ	id	id	id	id	id	id	id	id	id	id	{_++	|_++	}_++	~_++	unc
gly	sta_++	!_++	"_++	#_++	$_++	%_++	&_++	'_++	(_++	)_++	*_++	+_++	,_++	-_++	._++	/_++	id	id	id	id	id	id	id	id	id	id	:_++	;_++	<_++	=_++	>_++	?_++	@_++	id	id	id	id	id	id	id	id	id	id	id	id	id	id	id	id	id	id	id	id	id	id	id	id	id	id	[_++	sta_++	]_++	^_++	__++	sta_++	id	id	id	id	id	id	id	id	id	id	id	id	id	id	id	glyp	id	id	id	id	id	id	id	id	id	id	{_++	|_++	}_++	~_++	unc
impo	sta_++	!_++	"_++	#_++	$_++	%_++	&_++	'_++	(_++	)_++	*_++	+_++	,_++	-_++	._++	/_++	id	id	id	id	id	id	id	id	id	id	:_++	;_++	<_++	=_++	>_++	?_++	@_++	id	id	id	id	id	id	id	id	id	id	id	id	id	id	id	id	id	id	id	id	id	id	id	id	id	id	[_++	sta_++	]_++	^_++	__++	sta_++	id	id	id	id	id	id	id	id	id	id	id	id	id	id	id	id	id	impor	id	id	id	id	id	id	id	id	{_++	|_++	}_++	~_++	unc
+	sta_++	!_++	"_++	#_++	$_++	%_++	&_++	'_++	(_++	)_++	*_++	++	,_++	-_++	._++	/_++	0_++	int_++	int_++	int_++	int_++	int_++	int_++	int_++	int_++	int_++	:_++	;_++	<_++	+=	>_++	?_++	@_++	id_++	id_++	id_++	id_++	id_++	id_++	id_++	id_++	id_++	id_++	id_++	id_++	id_++	id_++	id_++	id_++	id_++	id_++	id_++	id_++	id_++	id_++	id_++	id_++	id_++	id_++	[_++	sta_++	]_++	^_++	__++	sta_++	id_++	b_++	c_++	d_++	e_++	f_++	g_++	id_++	i_++	id_++	id_++	id_++	m_++	n_++	id_++	p_++	id_++	r_++	s_++	t_++	u_++	v_++	w_++	id_++	id_++	id_++	{_++	|_++	}_++	~_++	unc
<<	sta_++	!_++	"_++	#_++	$_++	%_++	&_++	'_++	(_++	)_++	*_++	+_++	,_++	-_++	._++	/_++	0_++	int_++	int_++	int_++	int_++	int_++	int_++	int_++	int_++	int_++	:_++	;_++	<_++	<<=	>_++	?_++	@_++	id_++	id_++	id_++	id_++	id_++	id_++	id_++	id_++	id_++	id_++	id_++	id_++	id_++	id_++	id_++	id_++	id_++	id_++	id_++	id_++	id_++	id_++	id_++	id_++	id_++	id_++	[_++	sta_++	]_++	^_++	__++	sta_++	id_++	b_++	c_++	d_++	e_++	f_++	g_++	id_++	i_++	id_++	id_++	id_++	m_++	n_++	id_++	p_++	id_++	r_++	s_++	t_++	u_++	v_++	w_++	id_++	id_++	id_++	{_++	|_++	}_++	~_++	unc
>=	sta_++	!_++	"_++	#_++	$_++	%_++	&_++	'_++	(_++	)_++	*_++	+_++	,_++	-_++	._++	/_++	0_++	int_++	int_++	int_++	int_++	int_++	int_++	int_++	int_++	int_++	:_++	;_++	<_++	=_++	>_++	?_++	@_++	id_++	id_++	id_++	id_++	id_++	id_++	id_++	id_++	id_++	id_++	id_++	id_++	id_++	id_++	id_++	id_++	id_++	id_++	id_++	id_++	id_++	id_++	id_++	id_++	id_++	id_++	[_++	sta_++	]_++	^_++	__++	sta_++	id_++	b_++	c_++	d_++	e_++	f_++	g_++	id_++	i_++	id_++	id_++	id_++	m_++	n_++	id_++	p_++	id_++	r_++	s_++	t_++	u_++	v_++	w_++	id_++	id_++	id_++	{_++	|_++	}_++	~_++	unc
!	sta_++	!!	"_++	!#	$_++	%_++	&_++	'_++	(_++	)_++	*_++	+_++	,_++	-_++	!.	/_++	0_++	int_++	int_++	int_++	int_++	int_++	int_++	int_++	int_++	int_++	:_++	;_++	<_++	!=	>_++	!?	!@	id_++	id_++	id_++	id_++	id_++	id_++	id_++	id_++	id_++	id_++	id_++	id_++	id_++	id_++	id_++	id_++	id_++	id_++	id_++	id_++	id_++	id_++	id_++	id_++	id_++	id_++	[_++	sta_++	]_++	^_++	__++	sta_++	id_++	b_++	c_++	d_++	e_++	f_++	g_++	id_++	i_++	id_++	id_++	id_++	m_++	n_++	id_++	p_++	id_++	r_++	s_++	t_++	u_++	v_++	w_++	id_++	id_++	id_++	{_++	|_++	}_++	~_++	unc
print	sta_++	!_++	"_++	#_++	$_++	%_++	&_++	'_++	(_++	)_++	*_++	+_++	,_++	-_++	._++	/_++	id	id	id	id	id	id	id	id	id	id	:_++	;_++	<_++	=_++	>_++	?_++	@_++	id	id	id	id	id	id	id	id	id	id	id	id	id	id	id	id	id	id	id	id	id	id	id	id	id	id	[_++	sta_++	]_++	^_++	__++	sta_++	id	id	id	id	id	id	id	id	id	id	id	printl	id	id	id	id	id	id	id	id	id	id	id	id	id	id	{_++	|_++	}_++	~_++	unc
siz	sta_++	!_++	"_++	#_++	$_++	%_++	&_++	'_++	(_++	)_++	*_++	+_++	,_++	-_++	._++	/_++	id	id	id	id	id	id	id	id	id	id	:_++	;_++	<_++	=_++	>_++	?_++	@_++	id	id	id	id	id	id	id	id	id	id	id	id	id	id	id	id	id	id	id	id	id	id	id	id	id	id	[_++	sta_++	]_++	^_++	__++	sta_++	id	id	id	id	size	id	id	id	id	id	id	id	id	id	id	id	id	id	id	id	id	id	id	id	id	id	{_++	|_++	}_++	~_++	unc
?	sta_++	?!	"_++	?#	$_++	%_++	&_++	'_++	(_++	)_++	*_++	+_++	,_++	-_++	?.	/_++	0_++	int_++	int_++	int_++	int_++	int_++	int_++	int_++	int_++	int_++	:_++	;_++	<_++	=_++	>_++	??	?@	id_++	id_++	id_++	id_++	id_++	id_++	id_++	id_++	id_++	id_++	id_++	id_++	id_++	id_++	id_++	id_++	id_++	id_++	id_++	id_++	id_++	id_++	id_++	id_++	id_++	id_++	[_++	sta_++	]_++	^_++	__++	sta_++	id_++	b_++	c_++	d_++	e_++	f_++	g_++	id_++	i_++	id_++	id_++	id_++	m_++	n_++	id_++	p_++	id_++	r_++	s_++	t_++	u_++	v_++	w_++	id_++	id_++	id_++	{_++	|_++	}_++	~_++	unc
continue	sta_++	!_++	"_++	#_++	$_++	%_++	&_++	'_++	(_++	)_++	*_++	+_++	,_++	-_++	._++	/_++	id	id	id	id	id	id	id	id	id	id	:_++	;_++	<_++	=_++	>_++	?_++	@_++	id	id	id	id	id	id	id	id	id	id	id	id	id	id	id	id	id	id	id	id	id	id	id	id	id	id	[_++	sta_++	]_++	^_++	__++	sta_++	id	id	id	id	id	id	id	id	id	id	id	id	id	id	id	id	id	id	id	id	id	id	id	id	id	id	{_++	|_++	}_++	~_++	unc
mat	sta_++	!_++	"_++	#_++	$_++	%_++	&_++	'_++	(_++	)_++	*_++	+_++	,_++	-_++	._++	/_++	id	id	id	id	id	id	id	id	id	id	:_++	;_++	<_++	=_++	>_++	?_++	@_++	id	id	id	id	id	id	id	id	id	id	id	id	id	id	id	id	id	id	id	id	id	id	id	id	id	id	[_++	sta_++	]_++	^_++	__++	sta_++	id	id	matc	id	id	id	id	id	id	id	id	id	id	id	id	id	id	id	id	id	id	id	id	id	id	id	{_++	|_++	}_++	~_++	unc
"	sta_++	!_++	"_++	#_++	$_++	%_++	&_++	'_++	(_++	)_++	*_++	+_++	,_++	-_++	._++	/_++	0_++	int_++	int_++	int_++	int_++	int_++	int_++	int_++	int_++	int_++	:_++	;_++	<_++	=_++	>_++	?_++	@_++	id_++	id_++	id_++	id_++	id_++	id_++	id_++	id_++	id_++	id_++	id_++	id_++	id_++	id_++	id_++	id_++	id_++	id_++	id_++	id_++	id_++	id_++	id_++	id_++	id_++	id_++	[_++	sta_++	]_++	^_++	__++	sta_++	id_++	b_++	c_++	d_++	e_++	f_++	g_++	id_++	i_++	id_++	id_++	id_++	m_++	n_++	id_++	p_++	id_++	r_++	s_++	t_++	u_++	v_++	w_++	id_++	id_++	id_++	{_++	|_++	}_++	~_++	unc
u32	sta_++	!_++	"_++	#_++	$_++	%_++	&_++	'_++	(_++	)_++	*_++	+_++	,_++	-_++	._++	/_++	id	id	id	id	id	id	id	id	id	id	:_++	;_++	<_++	=_++	>_++	?_++	@_++	id	id	id	id	id	id	id	id	id	id	id	id	id	id	id	id	id	id	id	id	id	id	id	id	id	id	[_++	sta_++	]_++	^_++	__++	sta_++	id	id	id	id	id	id	id	id	id	id	id	id	id	id	id	id	id	id	id	id	id	id	id	id	id	id	{_++	|_++	}_++	~_++	unc
usi	sta_++	!_++	"_++	#_++	$_++	%_++	&_++	'_++	(_++	)_++	*_++	+_++	,_++	-_++	._++	/_++	id	id	id	id	id	id	id	id	id	id	:_++	;_++	<_++	=_++	>_++	?_++	@_++	id	id	id	id	id	id	id	id	id	id	id	id	id	id	id	id	id	id	id	id	id	id	id	id	id	id	[_++	sta_++	]_++	^_++	__++	sta_++	id	id	id	id	id	id	id	id	id	id	id	id	id	id	id	id	id	id	id	id	id	id	id	id	id	usiz	{_++	|_++	}_++	~_++	unc
byte	sta_++	!_++	"_++	#_++	$_++	%_++	&_++	'_++	(_++	)_++	*_++	+_++	,_++	-_++	._++	/_++	id	id	id	id	id	id	id	id	id	id	:_++	;_++	<_++	=_++	>_++	?_++	@_++	id	id	id	id	id	id	id	id	id	id	id	id	id	id	id	id	id	id	id	id	id	id	id	id	id	id	[_++	sta_++	]_++	^_++	__++	sta_++	id	id	id	id	id	id	id	id	id	id	id	id	id	id	id	id	id	id	id	id	id	id	id	id	id	id	{_++	|_++	}_++	~_++	unc
|	sta_++	!_++	"_++	#_++	$_++	%_++	&_++	'_++	(_++	)_++	*_++	+_++	,_++	-_++	._++	/_++	0_++	int_++	int_++	int_++	int_++	int_++	int_++	int_++	int_++	int_++	:_++	;_++	<_++	=_++	|>	?_++	@_++	id_++	id_++	id_++	id_++	id_++	id_++	id_++	id_++	id_++	id_++	id_++	id_++	id_++	id_++	id_++	id_++	id_++	id_++	id_++	id_++	id_++	id_++	id_++	id_++	id_++	id_++	[_++	sta_++	]_++	^_++	__++	sta_++	id_++	b_++	c_++	d_++	e_++	f_++	g_++	id_++	i_++	id_++	id_++	id_++	m_++	n_++	id_++	p_++	id_++	r_++	s_++	t_++	u_++	v_++	w_++	id_++	id_++	id_++	{_++	||	}_++	~_++	unc
s	sta_++	!_++	"_++	#_++	$_++	%_++	&_++	'_++	(_++	)_++	*_++	+_++	,_++	-_++	._++	/_++	id	id	id	id	id	id	id	id	id	id	:_++	;_++	<_++	=_++	>_++	?_++	@_++	id	id	id	id	id	id	id	id	id	id	id	id	id	id	id	id	id	id	id	id	id	id	id	id	id	id	[_++	sta_++	]_++	^_++	__++	sta_++	id	id	id	id	id	id	id	id	si	id	id	id	id	id	id	id	id	id	id	id	id	id	sw	id	id	id	{_++	|_++	}_++	~_++	unc
*=	sta_++	!_++	"_++	#_++	$_++	%_++	&_++	'_++	(_++	)_++	*_++	+_++	,_++	-_++	._++	/_++	0_++	int_++	int_++	int_++	int_++	int_++	int_++	int_++	int_++	int_++	:_++	;_++	<_++	=_++	>_++	?_++	@_++	id_++	id_++	id_++	id_++	id_++	id_++	id_++	id_++	id_++	id_++	id_++	id_++	id_++	id_++	id_++	id_++	id_++	id_++	id_++	id_++	id_++	id_++	id_++	id_++	id_++	id_++	[_++	sta_++	]_++	^_++	__++	sta_++	id_++	b_++	c_++	d_++	e_++	f_++	g_++	id_++	i_++	id_++	id_++	id_++	m_++	n_++	id_++	p_++	id_++	r_++	s_++	t_++	u_++	v_++	w_++	id_++	id_++	id_++	{_++	|_++	}_++	~_++	unc
bool	sta_++	!_++	"_++	#_++	$_++	%_++	&_++	'_++	(_++	)_++	*_++	+_++	,_++	-_++	._++	/_++	id	id	id	id	id	id	id	id	id	id	:_++	;_++	<_++	=_++	>_++	?_++	@_++	id	id	id	id	id	id	id	id	id	id	id	id	id	id	id	id	id	id	id	id	id	id	id	id	id	id	[_++	sta_++	]_++	^_++	__++	sta_++	id	id	id	id	id	id	id	id	id	id	id	id	id	id	id	id	id	id	id	id	id	id	id	id	id	id	{_++	|_++	}_++	~_++	unc
nu	sta_++	!_++	"_++	#_++	$_++	%_++	&_++	'_++	(_++	)_++	*_++	+_++	,_++	-_++	._++	/_++	id	id	id	id	id	id	id	id	id	id	:_++	;_++	<_++	=_++	>_++	?_++	@_++	id	id	id	id	id	id	id	id	id	id	id	id	id	id	id	id	id	id	id	id	id	id	id	id	id	id	[_++	sta_++	]_++	^_++	__++	sta_++	id	id	id	id	id	id	id	id	id	id	id	nul	id	id	id	id	id	id	id	id	id	id	id	id	id	id	{_++	|_++	}_++	~_++	unc
usize	sta_++	!_++	"_++	#_++	$_++	%_++	&_++	'_++	(_++	)_++	*_++	+_++	,_++	-_++	._++	/_++	id	id	id	id	id	id	id	id	id	id	:_++	;_++	<_++	=_++	>_++	?_++	@_++	id	id	id	id	id	id	id	id	id	id	id	id	id	id	id	id	id	id	id	id	id	id	id	id	id	id	[_++	sta_++	]_++	^_++	__++	sta_++	id	id	id	id	id	id	id	id	id	id	id	id	id	id	id	id	id	id	id	id	id	id	id	id	id	id	{_++	|_++	}_++	~_++	unc
u	sta_++	!_++	"_++	#_++	$_++	%_++	&_++	'_++	(_++	)_++	*_++	+_++	,_++	-_++	._++	/_++	id	u1	id	u3	id	id	u6	id	u8	id	:_++	;_++	<_++	=_++	>_++	?_++	@_++	id	id	id	id	id	id	id	id	id	id	id	id	id	id	id	id	id	id	id	id	id	id	id	id	id	id	[_++	sta_++	]_++	^_++	__++	sta_++	id	id	id	id	id	id	id	id	id	id	id	id	id	id	id	id	id	id	us	id	id	id	id	id	id	id	{_++	|_++	}_++	~_++	unc
swit	sta_++	!_++	"_++	#_++	$_++	%_++	&_++	'_++	(_++	)_++	*_++	+_++	,_++	-_++	._++	/_++	id	id	id	id	id	id	id	id	id	id	:_++	;_++	<_++	=_++	>_++	?_++	@_++	id	id	id	id	id	id	id	id	id	id	id	id	id	id	id	id	id	id	id	id	id	id	id	id	id	id	[_++	sta_++	]_++	^_++	__++	sta_++	id	id	switc	id	id	id	id	id	id	id	id	id	id	id	id	id	id	id	id	id	id	id	id	id	id	id	{_++	|_++	}_++	~_++	unc
switc	sta_++	!_++	"_++	#_++	$_++	%_++	&_++	'_++	(_++	)_++	*_++	+_++	,_++	-_++	._++	/_++	id	id	id	id	id	id	id	id	id	id	:_++	;_++	<_++	=_++	>_++	?_++	@_++	id	id	id	id	id	id	id	id	id	id	id	id	id	id	id	id	id	id	id	id	id	id	id	id	id	id	[_++	sta_++	]_++	^_++	__++	sta_++	id	id	id	id	id	id	id	switch	id	id	id	id	id	id	id	id	id	id	id	id	id	id	id	id	id	id	{_++	|_++	}_++	~_++	unc
vo	sta_++	!_++	"_++	#_++	$_++	%_++	&_++	'_++	(_++	)_++	*_++	+_++	,_++	-_++	._++	/_++	id	id	id	id	id	id	id	id	id	id	:_++	;_++	<_++	=_++	>_++	?_++	@_++	id	id	id	id	id	id	id	id	id	id	id	id	id	id	id	id	id	id	id	id	id	id	id	id	id	id	[_++	sta_++	]_++	^_++	__++	sta_++	id	id	id	id	id	id	id	id	voi	id	id	id	id	id	id	id	id	id	id	id	id	id	id	id	id	id	{_++	|_++	}_++	~_++	unc
(	sta_++	!_++	"_++	#_++	$_++	%_++	&_++	'_++	(_++	)_++	*_++	+_++	,_++	-_++	._++	/_++	0_++	int_++	int_++	int_++	int_++	int_++	int_++	int_++	int_++	int_++	:_++	;_++	<_++	=_++	>_++	?_++	@_++	id_++	id_++	id_++	id_++	id_++	id_++	id_++	id_++	id_++	id_++	id_++	id_++	id_++	id_++	id_++	id_++	id_++	id_++	id_++	id_++	id_++	id_++	id_++	id_++	id_++	id_++	[_++	sta_++	]_++	^_++	__++	sta_++	id_++	b_++	c_++	d_++	e_++	f_++	g_++	id_++	i_++	id_++	id_++	id_++	m_++	n_++	id_++	p_++	id_++	r_++	s_++	t_++	u_++	v_++	w_++	id_++	id_++	id_++	{_++	|_++	}_++	~_++	unc
~|=	sta_++	!_++	"_++	#_++	$_++	%_++	&_++	'_++	(_++	)_++	*_++	+_++	,_++	-_++	._++	/_++	0_++	int_++	int_++	int_++	int_++	int_++	int_++	int_++	int_++	int_++	:_++	;_++	<_++	=_++	>_++	?_++	@_++	id_++	id_++	id_++	id_++	id_++	id_++	id_++	id_++	id_++	id_++	id_++	id_++	id_++	id_++	id_++	id_++	id_++	id_++	id_++	id_++	id_++	id_++	id_++	id_++	id_++	id_++	[_++	sta_++	]_++	^_++	__++	sta_++	id_++	b_++	c_++	d_++	e_++	f_++	g_++	id_++	i_++	id_++	id_++	id_++	m_++	n_++	id_++	p_++	id_++	r_++	s_++	t_++	u_++	v_++	w_++	id_++	id_++	id_++	{_++	|_++	}_++	~_++	unc
u3	sta_++	!_++	"_++	#_++	$_++	%_++	&_++	'_++	(_++	)_++	*_++	+_++	,_++	-_++	._++	/_++	id	id	u32	id	id	id	id	id	id	id	:_++	;_++	<_++	=_++	>_++	?_++	@_++	id	id	id	id	id	id	id	id	id	id	id	id	id	id	id	id	id	id	id	id	id	id	id	id	id	id	[_++	sta_++	]_++	^_++	__++	sta_++	id	id	id	id	id	id	id	id	id	id	id	id	id	id	id	id	id	id	id	id	id	id	id	id	id	id	{_++	|_++	}_++	~_++	unc
f64	sta_++	!_++	"_++	#_++	$_++	%_++	&_++	'_++	(_++	)_++	*_++	+_++	,_++	-_++	._++	/_++	id	id	id	id	id	id	id	id	id	id	:_++	;_++	<_++	=_++	>_++	?_++	@_++	id	id	id	id	id	id	id	id	id	id	id	id	id	id	id	id	id	id	id	id	id	id	id	id	id	id	[_++	sta_++	]_++	^_++	__++	sta_++	id	id	id	id	id	id	id	id	id	id	id	id	id	id	id	id	id	id	id	id	id	id	id	id	id	id	{_++	|_++	}_++	~_++	unc
si	sta_++	!_++	"_++	#_++	$_++	%_++	&_++	'_++	(_++	)_++	*_++	+_++	,_++	-_++	._++	/_++	id	id	id	id	id	id	id	id	id	id	:_++	;_++	<_++	=_++	>_++	?_++	@_++	id	id	id	id	id	id	id	id	id	id	id	id	id	id	id	id	id	id	id	id	id	id	id	id	id	id	[_++	sta_++	]_++	^_++	__++	sta_++	id	id	id	id	id	id	id	id	id	id	id	id	id	id	id	id	id	id	id	id	id	id	id	id	id	siz	{_++	|_++	}_++	~_++	unc
br	sta_++	!_++	"_++	#_++	$_++	%_++	&_++	'_++	(_++	)_++	*_++	+_++	,_++	-_++	._++	/_++	id	id	id	id	id	id	id	id	id	id	:_++	;_++	<_++	=_++	>_++	?_++	@_++	id	id	id	id	id	id	id	id	id	id	id	id	id	id	id	id	id	id	id	id	id	id	id	id	id	id	[_++	sta_++	]_++	^_++	__++	sta_++	id	id	id	id	bre	id	id	id	id	id	id	id	id	id	id	id	id	id	id	id	id	id	id	id	id	id	{_++	|_++	}_++	~_++	unc
cas	sta_++	!_++	"_++	#_++	$_++	%_++	&_++	'_++	(_++	)_++	*_++	+_++	,_++	-_++	._++	/_++	id	id	id	id	id	id	id	id	id	id	:_++	;_++	<_++	=_++	>_++	?_++	@_++	id	id	id	id	id	id	id	id	id	id	id	id	id	id	id	id	id	id	id	id	id	id	id	id	id	id	[_++	sta_++	]_++	^_++	__++	sta_++	id	id	id	id	case	id	id	id	id	id	id	id	id	id	id	id	id	id	id	id	id	id	id	id	id	id	{_++	|_++	}_++	~_++	unc
g	sta_++	!_++	"_++	#_++	$_++	%_++	&_++	'_++	(_++	)_++	*_++	+_++	,_++	-_++	._++	/_++	id	id	id	id	id	id	id	id	id	id	:_++	;_++	<_++	=_++	>_++	?_++	@_++	id	id	id	id	id	id	id	id	id	id	id	id	id	id	id	id	id	id	id	id	id	id	id	id	id	id	[_++	sta_++	]_++	^_++	__++	sta_++	id	id	id	id	id	id	id	id	id	id	id	gl	id	id	id	id	id	id	id	id	id	id	id	id	id	id	{_++	|_++	}_++	~_++	unc
im	sta_++	!_++	"_++	#_++	$_++	%_++	&_++	'_++	(_++	)_++	*_++	+_++	,_++	-_++	._++	/_++	id	id	id	id	id	id	id	id	id	id	:_++	;_++	<_++	=_++	>_++	?_++	@_++	id	id	id	id	id	id	id	id	id	id	id	id	id	id	id	id	id	id	id	id	id	id	id	id	id	id	[_++	sta_++	]_++	^_++	__++	sta_++	id	id	id	id	id	id	id	id	id	id	id	id	id	id	id	imp	id	id	id	id	id	id	id	id	id	id	{_++	|_++	}_++	~_++	unc
.	sta_++	!_++	"_++	#_++	$_++	%_++	&_++	'_++	(_++	)_++	*_++	+_++	,_++	-_++	..	/_++	0_++	int_++	int_++	int_++	int_++	int_++	int_++	int_++	int_++	int_++	:_++	;_++	<_++	=_++	>_++	?_++	@_++	id_++	id_++	id_++	id_++	id_++	id_++	id_++	id_++	id_++	id_++	id_++	id_++	id_++	id_++	id_++	id_++	id_++	id_++	id_++	id_++	id_++	id_++	id_++	id_++	id_++	id_++	[_++	sta_++	]_++	^_++	__++	sta_++	id_++	b_++	c_++	d_++	e_++	f_++	g_++	id_++	i_++	id_++	id_++	id_++	m_++	n_++	id_++	p_++	id_++	r_++	s_++	t_++	u_++	v_++	w_++	id_++	id_++	id_++	{_++	|_++	}_++	~_++	unc
m	sta_++	!_++	"_++	#_++	$_++	%_++	&_++	'_++	(_++	)_++	*_++	+_++	,_++	-_++	._++	/_++	id	id	id	id	id	id	id	id	id	id	:_++	;_++	<_++	=_++	>_++	?_++	@_++	id	id	id	id	id	id	id	id	id	id	id	id	id	id	id	id	id	id	id	id	id	id	id	id	id	id	[_++	sta_++	]_++	^_++	__++	sta_++	ma	id	id	id	id	id	id	id	id	id	id	id	id	id	id	id	id	id	id	id	mu	id	id	id	id	id	{_++	|_++	}_++	~_++	unc
conti	sta_++	!_++	"_++	#_++	$_++	%_++	&_++	'_++	(_++	)_++	*_++	+_++	,_++	-_++	._++	/_++	id	id	id	id	id	id	id	id	id	id	:_++	;_++	<_++	=_++	>_++	?_++	@_++	id	id	id	id	id	id	id	id	id	id	id	id	id	id	id	id	id	id	id	id	id	id	id	id	id	id	[_++	sta_++	]_++	^_++	__++	sta_++	id	id	id	id	id	id	id	id	id	id	id	id	id	contin	id	id	id	id	id	id	id	id	id	id	id	id	{_++	|_++	}_++	~_++	unc
usiz	sta_++	!_++	"_++	#_++	$_++	%_++	&_++	'_++	(_++	)_++	*_++	+_++	,_++	-_++	._++	/_++	id	id	id	id	id	id	id	id	id	id	:_++	;_++	<_++	=_++	>_++	?_++	@_++	id	id	id	id	id	id	id	id	id	id	id	id	id	id	id	id	id	id	id	id	id	id	id	id	id	id	[_++	sta_++	]_++	^_++	__++	sta_++	id	id	id	id	usize	id	id	id	id	id	id	id	id	id	id	id	id	id	id	id	id	id	id	id	id	id	{_++	|_++	}_++	~_++	unc
else	sta_++	!_++	"_++	#_++	$_++	%_++	&_++	'_++	(_++	)_++	*_++	+_++	,_++	-_++	._++	/_++	id	id	id	id	id	id	id	id	id	id	:_++	;_++	<_++	=_++	>_++	?_++	@_++	id	id	id	id	id	id	id	id	id	id	id	id	id	id	id	id	id	id	id	id	id	id	id	id	id	id	[_++	sta_++	]_++	^_++	__++	sta_++	id	id	id	id	id	id	id	id	id	id	id	id	id	id	id	id	id	id	id	id	id	id	id	id	id	id	{_++	|_++	}_++	~_++	unc
glyp	sta_++	!_++	"_++	#_++	$_++	%_++	&_++	'_++	(_++	)_++	*_++	+_++	,_++	-_++	._++	/_++	id	id	id	id	id	id	id	id	id	id	:_++	;_++	<_++	=_++	>_++	?_++	@_++	id	id	id	id	id	id	id	id	id	id	id	id	id	id	id	id	id	id	id	id	id	id	id	id	id	id	[_++	sta_++	]_++	^_++	__++	sta_++	id	id	id	id	id	id	id	glyph	id	id	id	id	id	id	id	id	id	id	id	id	id	id	id	id	id	id	{_++	|_++	}_++	~_++	unc
^=	sta_++	!_++	"_++	#_++	$_++	%_++	&_++	'_++	(_++	)_++	*_++	+_++	,_++	-_++	._++	/_++	0_++	int_++	int_++	int_++	int_++	int_++	int_++	int_++	int_++	int_++	:_++	;_++	<_++	=_++	>_++	?_++	@_++	id_++	id_++	id_++	id_++	id_++	id_++	id_++	id_++	id_++	id_++	id_++	id_++	id_++	id_++	id_++	id_++	id_++	id_++	id_++	id_++	id_++	id_++	id_++	id_++	id_++	id_++	[_++	sta_++	]_++	^_++	__++	sta_++	id_++	b_++	c_++	d_++	e_++	f_++	g_++	id_++	i_++	id_++	id_++	id_++	m_++	n_++	id_++	p_++	id_++	r_++	s_++	t_++	u_++	v_++	w_++	id_++	id_++	id_++	{_++	|_++	}_++	~_++	unc
defau	sta_++	!_++	"_++	#_++	$_++	%_++	&_++	'_++	(_++	)_++	*_++	+_++	,_++	-_++	._++	/_++	id	id	id	id	id	id	id	id	id	id	:_++	;_++	<_++	=_++	>_++	?_++	@_++	id	id	id	id	id	id	id	id	id	id	id	id	id	id	id	id	id	id	id	id	id	id	id	id	id	id	[_++	sta_++	]_++	^_++	__++	sta_++	id	id	id	id	id	id	id	id	id	id	id	defaul	id	id	id	id	id	id	id	id	id	id	id	id	id	id	{_++	|_++	}_++	~_++	unc
^	sta_++	!_++	"_++	#_++	$_++	%_++	&_++	'_++	(_++	)_++	*_++	+_++	,_++	-_++	._++	/_++	0_++	int_++	int_++	int_++	int_++	int_++	int_++	int_++	int_++	int_++	:_++	;_++	<_++	^=	>_++	?_++	@_++	id_++	id_++	id_++	id_++	id_++	id_++	id_++	id_++	id_++	id_++	id_++	id_++	id_++	id_++	id_++	id_++	id_++	id_++	id_++	id_++	id_++	id_++	id_++	id_++	id_++	id_++	[_++	sta_++	]_++	^_++	__++	sta_++	id_++	b_++	c_++	d_++	e_++	f_++	g_++	id_++	i_++	id_++	id_++	id_++	m_++	n_++	id_++	p_++	id_++	r_++	s_++	t_++	u_++	v_++	w_++	id_++	id_++	id_++	{_++	|_++	}_++	~_++	unc
ch	sta_++	!_++	"_++	#_++	$_++	%_++	&_++	'_++	(_++	)_++	*_++	+_++	,_++	-_++	._++	/_++	id	id	id	id	id	id	id	id	id	id	:_++	;_++	<_++	=_++	>_++	?_++	@_++	id	id	id	id	id	id	id	id	id	id	id	id	id	id	id	id	id	id	id	id	id	id	id	id	id	id	[_++	sta_++	]_++	^_++	__++	sta_++	cha	id	id	id	id	id	id	id	id	id	id	id	id	id	id	id	id	id	id	id	id	id	id	id	id	id	{_++	|_++	}_++	~_++	unc
impor	sta_++	!_++	"_++	#_++	$_++	%_++	&_++	'_++	(_++	)_++	*_++	+_++	,_++	-_++	._++	/_++	id	id	id	id	id	id	id	id	id	id	:_++	;_++	<_++	=_++	>_++	?_++	@_++	id	id	id	id	id	id	id	id	id	id	id	id	id	id	id	id	id	id	id	id	id	id	id	id	id	id	[_++	sta_++	]_++	^_++	__++	sta_++	id	id	id	id	id	id	id	id	id	id	id	id	id	id	id	id	id	id	id	import	id	id	id	id	id	id	{_++	|_++	}_++	~_++	unc
@	sta_++	!_++	"_++	#_++	$_++	%_++	&_++	'_++	(_++	)_++	*_++	+_++	,_++	-_++	._++	/_++	0_++	int_++	int_++	int_++	int_++	int_++	int_++	int_++	int_++	int_++	:_++	;_++	<_++	=_++	>_++	?_++	@_++	id_++	id_++	id_++	id_++	id_++	id_++	id_++	id_++	id_++	id_++	id_++	id_++	id_++	id_++	id_++	id_++	id_++	id_++	id_++	id_++	id_++	id_++	id_++	id_++	id_++	id_++	[_++	sta_++	]_++	^_++	__++	sta_++	id_++	b_++	c_++	d_++	e_++	f_++	g_++	id_++	i_++	id_++	id_++	id_++	m_++	n_++	id_++	p_++	id_++	r_++	s_++	t_++	u_++	v_++	w_++	id_++	id_++	id_++	{_++	|_++	}_++	~_++	unc
~=	sta_++	!_++	"_++	#_++	$_++	%_++	&_++	'_++	(_++	)_++	*_++	+_++	,_++	-_++	._++	/_++	0_++	int_++	int_++	int_++	int_++	int_++	int_++	int_++	int_++	int_++	:_++	;_++	<_++	=_++	>_++	?_++	@_++	id_++	id_++	id_++	id_++	id_++	id_++	id_++	id_++	id_++	id_++	id_++	id_++	id_++	id_++	id_++	id_++	id_++	id_++	id_++	id_++	id_++	id_++	id_++	id_++	id_++	id_++	[_++	sta_++	]_++	^_++	__++	sta_++	id_++	b_++	c_++	d_++	e_++	f_++	g_++	id_++	i_++	id_++	id_++	id_++	m_++	n_++	id_++	p_++	id_++	r_++	s_++	t_++	u_++	v_++	w_++	id_++	id_++	id_++	{_++	|_++	}_++	~_++	unc
!?.	sta_++	!_++	"_++	#_++	$_++	%_++	&_++	'_++	(_++	)_++	*_++	+_++	,_++	-_++	._++	/_++	0_++	int_++	int_++	int_++	int_++	int_++	int_++	int_++	int_++	int_++	:_++	;_++	<_++	=_++	>_++	?_++	@_++	id_++	id_++	id_++	id_++	id_++	id_++	id_++	id_++	id_++	id_++	id_++	id_++	id_++	id_++	id_++	id_++	id_++	id_++	id_++	id_++	id_++	id_++	id_++	id_++	id_++	id_++	[_++	sta_++	]_++	^_++	__++	sta_++	id_++	b_++	c_++	d_++	e_++	f_++	g_++	id_++	i_++	id_++	id_++	id_++	m_++	n_++	id_++	p_++	id_++	r_++	s_++	t_++	u_++	v_++	w_++	id_++	id_++	id_++	{_++	|_++	}_++	~_++	unc
typ	sta_++	!_++	"_++	#_++	$_++	%_++	&_++	'_++	(_++	)_++	*_++	+_++	,_++	-_++	._++	/_++	id	id	id	id	id	id	id	id	id	id	:_++	;_++	<_++	=_++	>_++	?_++	@_++	id	id	id	id	id	id	id	id	id	id	id	id	id	id	id	id	id	id	id	id	id	id	id	id	id	id	[_++	sta_++	]_++	^_++	__++	sta_++	id	id	id	id	type	id	id	id	id	id	id	id	id	id	id	id	id	id	id	id	id	id	id	id	id	id	{_++	|_++	}_++	~_++	unc
:	sta_++	!_++	"_++	#_++	$_++	%_++	&_++	'_++	(_++	)_++	*_++	+_++	,_++	-_++	._++	/_++	0_++	int_++	int_++	int_++	int_++	int_++	int_++	int_++	int_++	int_++	:_++	;_++	<_++	=_++	>_++	?_++	@_++	id_++	id_++	id_++	id_++	id_++	id_++	id_++	id_++	id_++	id_++	id_++	id_++	id_++	id_++	id_++	id_++	id_++	id_++	id_++	id_++	id_++	id_++	id_++	id_++	id_++	id_++	[_++	sta_++	]_++	^_++	__++	sta_++	id_++	b_++	c_++	d_++	e_++	f_++	g_++	id_++	i_++	id_++	id_++	id_++	m_++	n_++	id_++	p_++	id_++	r_++	s_++	t_++	u_++	v_++	w_++	id_++	id_++	id_++	{_++	|_++	}_++	~_++	unc
i6	sta_++	!_++	"_++	#_++	$_++	%_++	&_++	'_++	(_++	)_++	*_++	+_++	,_++	-_++	._++	/_++	id	id	id	id	i64	id	id	id	id	id	:_++	;_++	<_++	=_++	>_++	?_++	@_++	id	id	id	id	id	id	id	id	id	id	id	id	id	id	id	id	id	id	id	id	id	id	id	id	id	id	[_++	sta_++	]_++	^_++	__++	sta_++	id	id	id	id	id	id	id	id	id	id	id	id	id	id	id	id	id	id	id	id	id	id	id	id	id	id	{_++	|_++	}_++	~_++	unc
->	sta_++	!_++	"_++	#_++	$_++	%_++	&_++	'_++	(_++	)_++	*_++	+_++	,_++	-_++	._++	/_++	0_++	int_++	int_++	int_++	int_++	int_++	int_++	int_++	int_++	int_++	:_++	;_++	<_++	=_++	>_++	?_++	@_++	id_++	id_++	id_++	id_++	id_++	id_++	id_++	id_++	id_++	id_++	id_++	id_++	id_++	id_++	id_++	id_++	id_++	id_++	id_++	id_++	id_++	id_++	id_++	id_++	id_++	id_++	[_++	sta_++	]_++	^_++	__++	sta_++	id_++	b_++	c_++	d_++	e_++	f_++	g_++	id_++	i_++	id_++	id_++	id_++	m_++	n_++	id_++	p_++	id_++	r_++	s_++	t_++	u_++	v_++	w_++	id_++	id_++	id_++	{_++	|_++	}_++	~_++	unc
u6	sta_++	!_++	"_++	#_++	$_++	%_++	&_++	'_++	(_++	)_++	*_++	+_++	,_++	-_++	._++	/_++	id	id	id	id	u64	id	id	id	id	id	:_++	;_++	<_++	=_++	>_++	?_++	@_++	id	id	id	id	id	id	id	id	id	id	id	id	id	id	id	id	id	id	id	id	id	id	id	id	id	id	[_++	sta_++	]_++	^_++	__++	sta_++	id	id	id	id	id	id	id	id	id	id	id	id	id	id	id	id	id	id	id	id	id	id	id	id	id	id	{_++	|_++	}_++	~_++	unc
'	sta_++	!_++	"_++	#_++	$_++	%_++	&_++	'_++	(_++	)_++	*_++	+_++	,_++	-_++	._++	/_++	0_++	int_++	int_++	int_++	int_++	int_++	int_++	int_++	int_++	int_++	:_++	;_++	<_++	=_++	>_++	?_++	@_++	id_++	id_++	id_++	id_++	id_++	id_++	id_++	id_++	id_++	id_++	id_++	id_++	id_++	id_++	id_++	id_++	id_++	id_++	id_++	id_++	id_++	id_++	id_++	id_++	id_++	id_++	[_++	sta_++	]_++	^_++	__++	sta_++	id_++	b_++	c_++	d_++	e_++	f_++	g_++	id_++	i_++	id_++	id_++	id_++	m_++	n_++	id_++	p_++	id_++	r_++	s_++	t_++	u_++	v_++	w_++	id_++	id_++	id_++	{_++	|_++	}_++	~_++	unc
f1	sta_++	!_++	"_++	#_++	$_++	%_++	&_++	'_++	(_++	)_++	*_++	+_++	,_++	-_++	._++	/_++	id	id	id	id	id	id	f16	id	id	id	:_++	;_++	<_++	=_++	>_++	?_++	@_++	id	id	id	id	id	id	id	id	id	id	id	id	id	id	id	id	id	id	id	id	id	id	id	id	id	id	[_++	sta_++	]_++	^_++	__++	sta_++	id	id	id	id	id	id	id	id	id	id	id	id	id	id	id	id	id	id	id	id	id	id	id	id	id	id	{_++	|_++	}_++	~_++	unc
while	sta_++	!_++	"_++	#_++	$_++	%_++	&_++	'_++	(_++	)_++	*_++	+_++	,_++	-_++	._++	/_++	id	id	id	id	id	id	id	id	id	id	:_++	;_++	<_++	=_++	>_++	?_++	@_++	id	id	id	id	id	id	id	id	id	id	id	id	id	id	id	id	id	id	id	id	id	id	id	id	id	id	[_++	sta_++	]_++	^_++	__++	sta_++	id	id	id	id	id	id	id	id	id	id	id	id	id	id	id	id	id	id	id	id	id	id	id	id	id	id	{_++	|_++	}_++	~_++	unc
if	sta_++	!_++	"_++	#_++	$_++	%_++	&_++	'_++	(_++	)_++	*_++	+_++	,_++	-_++	._++	/_++	id	id	id	id	id	id	id	id	id	id	:_++	;_++	<_++	=_++	>_++	?_++	@_++	id	id	id	id	id	id	id	id	id	id	id	id	id	id	id	id	id	id	id	id	id	id	id	id	id	id	[_++	sta_++	]_++	^_++	__++	sta_++	id	id	id	id	id	id	id	id	id	id	id	id	id	id	id	id	id	id	id	id	id	id	id	id	id	id	{_++	|_++	}_++	~_++	unc
w	sta_++	!_++	"_++	#_++	$_++	%_++	&_++	'_++	(_++	)_++	*_++	+_++	,_++	-_++	._++	/_++	id	id	id	id	id	id	id	id	id	id	:_++	;_++	<_++	=_++	>_++	?_++	@_++	id	id	id	id	id	id	id	id	id	id	id	id	id	id	id	id	id	id	id	id	id	id	id	id	id	id	[_++	sta_++	]_++	^_++	__++	sta_++	id	id	id	id	id	id	id	wh	id	id	id	id	id	id	id	id	id	id	id	id	id	id	id	id	id	id	{_++	|_++	}_++	~_++	unc
!?@	sta_++	!_++	"_++	#_++	$_++	%_++	&_++	'_++	(_++	)_++	*_++	+_++	,_++	-_++	._++	/_++	0_++	int_++	int_++	int_++	int_++	int_++	int_++	int_++	int_++	int_++	:_++	;_++	<_++	=_++	>_++	?_++	@_++	id_++	id_++	id_++	id_++	id_++	id_++	id_++	id_++	id_++	id_++	id_++	id_++	id_++	id_++	id_++	id_++	id_++	id_++	id_++	id_++	id_++	id_++	id_++	id_++	id_++	id_++	[_++	sta_++	]_++	^_++	__++	sta_++	id_++	b_++	c_++	d_++	e_++	f_++	g_++	id_++	i_++	id_++	id_++	id_++	m_++	n_++	id_++	p_++	id_++	r_++	s_++	t_++	u_++	v_++	w_++	id_++	id_++	id_++	{_++	|_++	}_++	~_++	unc
mai	sta_++	!_++	"_++	#_++	$_++	%_++	&_++	'_++	(_++	)_++	*_++	+_++	,_++	-_++	._++	/_++	id	id	id	id	id	id	id	id	id	id	:_++	;_++	<_++	=_++	>_++	?_++	@_++	id	id	id	id	id	id	id	id	id	id	id	id	id	id	id	id	id	id	id	id	id	id	id	id	id	id	[_++	sta_++	]_++	^_++	__++	sta_++	id	id	id	id	id	id	id	id	id	id	id	id	id	main	id	id	id	id	id	id	id	id	id	id	id	id	{_++	|_++	}_++	~_++	unc
!=	sta_++	!_++	"_++	#_++	$_++	%_++	&_++	'_++	(_++	)_++	*_++	+_++	,_++	-_++	._++	/_++	0_++	int_++	int_++	int_++	int_++	int_++	int_++	int_++	int_++	int_++	:_++	;_++	<_++	=_++	>_++	?_++	@_++	id_++	id_++	id_++	id_++	id_++	id_++	id_++	id_++	id_++	id_++	id_++	id_++	id_++	id_++	id_++	id_++	id_++	id_++	id_++	id_++	id_++	id_++	id_++	id_++	id_++	id_++	[_++	sta_++	]_++	^_++	__++	sta_++	id_++	b_++	c_++	d_++	e_++	f_++	g_++	id_++	i_++	id_++	id_++	id_++	m_++	n_++	id_++	p_++	id_++	r_++	s_++	t_++	u_++	v_++	w_++	id_++	id_++	id_++	{_++	|_++	}_++	~_++	unc
ret	sta_++	!_++	"_++	#_++	$_++	%_++	&_++	'_++	(_++	)_++	*_++	+_++	,_++	-_++	._++	/_++	id	id	id	id	id	id	id	id	id	id	:_++	;_++	<_++	=_++	>_++	?_++	@_++	id	id	id	id	id	id	id	id	id	id	id	id	id	id	id	id	id	id	id	id	id	id	id	id	id	id	[_++	sta_++	]_++	^_++	__++	sta_++	id	id	id	id	id	id	id	id	id	id	id	id	id	id	id	id	id	id	id	id	retu	id	id	id	id	id	{_++	|_++	}_++	~_++	unc
>	sta_++	!_++	"_++	#_++	$_++	%_++	&_++	'_++	(_++	)_++	*_++	+_++	,_++	-_++	._++	/_++	0_++	int_++	int_++	int_++	int_++	int_++	int_++	int_++	int_++	int_++	:_++	;_++	<_++	>=	>>	?_++	@_++	id_++	id_++	id_++	id_++	id_++	id_++	id_++	id_++	id_++	id_++	id_++	id_++	id_++	id_++	id_++	id_++	id_++	id_++	id_++	id_++	id_++	id_++	id_++	id_++	id_++	id_++	[_++	sta_++	]_++	^_++	__++	sta_++	id_++	b_++	c_++	d_++	e_++	f_++	g_++	id_++	i_++	id_++	id_++	id_++	m_++	n_++	id_++	p_++	id_++	r_++	s_++	t_++	u_++	v_++	w_++	id_++	id_++	id_++	{_++	|_++	}_++	~_++	unc
;	sta_++	!_++	"_++	#_++	$_++	%_++	&_++	'_++	(_++	)_++	*_++	+_++	,_++	-_++	._++	/_++	0_++	int_++	int_++	int_++	int_++	int_++	int_++	int_++	int_++	int_++	:_++	;_++	<_++	=_++	>_++	?_++	@_++	id_++	id_++	id_++	id_++	id_++	id_++	id_++	id_++	id_++	id_++	id_++	id_++	id_++	id_++	id_++	id_++	id_++	id_++	id_++	id_++	id_++	id_++	id_++	id_++	id_++	id_++	[_++	sta_++	]_++	^_++	__++	sta_++	id_++	b_++	c_++	d_++	e_++	f_++	g_++	id_++	i_++	id_++	id_++	id_++	m_++	n_++	id_++	p_++	id_++	r_++	s_++	t_++	u_++	v_++	w_++	id_++	id_++	id_++	{_++	|_++	}_++	~_++	unc
?!.	sta_++	!_++	"_++	#_++	$_++	%_++	&_++	'_++	(_++	)_++	*_++	+_++	,_++	-_++	._++	/_++	0_++	int_++	int_++	int_++	int_++	int_++	int_++	int_++	int_++	int_++	:_++	;_++	<_++	=_++	>_++	?_++	@_++	id_++	id_++	id_++	id_++	id_++	id_++	id_++	id_++	id_++	id_++	id_++	id_++	id_++	id_++	id_++	id_++	id_++	id_++	id_++	id_++	id_++	id_++	id_++	id_++	id_++	id_++	[_++	sta_++	]_++	^_++	__++	sta_++	id_++	b_++	c_++	d_++	e_++	f_++	g_++	id_++	i_++	id_++	id_++	id_++	m_++	n_++	id_++	p_++	id_++	r_++	s_++	t_++	u_++	v_++	w_++	id_++	id_++	id_++	{_++	|_++	}_++	~_++	unc
defa	sta_++	!_++	"_++	#_++	$_++	%_++	&_++	'_++	(_++	)_++	*_++	+_++	,_++	-_++	._++	/_++	id	id	id	id	id	id	id	id	id	id	:_++	;_++	<_++	=_++	>_++	?_++	@_++	id	id	id	id	id	id	id	id	id	id	id	id	id	id	id	id	id	id	id	id	id	id	id	id	id	id	[_++	sta_++	]_++	^_++	__++	sta_++	id	id	id	id	id	id	id	id	id	id	id	id	id	id	id	id	id	id	id	id	defau	id	id	id	id	id	{_++	|_++	}_++	~_++	unc
switch	sta_++	!_++	"_++	#_++	$_++	%_++	&_++	'_++	(_++	)_++	*_++	+_++	,_++	-_++	._++	/_++	id	id	id	id	id	id	id	id	id	id	:_++	;_++	<_++	=_++	>_++	?_++	@_++	id	id	id	id	id	id	id	id	id	id	id	id	id	id	id	id	id	id	id	id	id	id	id	id	id	id	[_++	sta_++	]_++	^_++	__++	sta_++	id	id	id	id	id	id	id	id	id	id	id	id	id	id	id	id	id	id	id	id	id	id	id	id	id	id	{_++	|_++	}_++	~_++	unc
bo	sta_++	!_++	"_++	#_++	$_++	%_++	&_++	'_++	(_++	)_++	*_++	+_++	,_++	-_++	._++	/_++	id	id	id	id	id	id	id	id	id	id	:_++	;_++	<_++	=_++	>_++	?_++	@_++	id	id	id	id	id	id	id	id	id	id	id	id	id	id	id	id	id	id	id	id	id	id	id	id	id	id	[_++	sta_++	]_++	^_++	__++	sta_++	id	id	id	id	id	id	id	id	id	id	id	id	id	id	boo	id	id	id	id	id	id	id	id	id	id	id	{_++	|_++	}_++	~_++	unc
p	sta_++	!_++	"_++	#_++	$_++	%_++	&_++	'_++	(_++	)_++	*_++	+_++	,_++	-_++	._++	/_++	id	id	id	id	id	id	id	id	id	id	:_++	;_++	<_++	=_++	>_++	?_++	@_++	id	id	id	id	id	id	id	id	id	id	id	id	id	id	id	id	id	id	id	id	id	id	id	id	id	id	[_++	sta_++	]_++	^_++	__++	sta_++	id	id	id	id	id	id	id	id	id	id	id	id	id	id	id	id	id	pr	id	id	id	id	id	id	id	id	{_++	|_++	}_++	~_++	unc
co	sta_++	!_++	"_++	#_++	$_++	%_++	&_++	'_++	(_++	)_++	*_++	+_++	,_++	-_++	._++	/_++	id	id	id	id	id	id	id	id	id	id	:_++	;_++	<_++	=_++	>_++	?_++	@_++	id	id	id	id	id	id	id	id	id	id	id	id	id	id	id	id	id	id	id	id	id	id	id	id	id	id	[_++	sta_++	]_++	^_++	__++	sta_++	id	id	id	id	id	id	id	id	id	id	id	id	id	con	id	id	id	id	id	id	id	id	id	id	id	id	{_++	|_++	}_++	~_++	unc
in	sta_++	!_++	"_++	#_++	$_++	%_++	&_++	'_++	(_++	)_++	*_++	+_++	,_++	-_++	._++	/_++	id	id	id	id	id	id	id	id	id	id	:_++	;_++	<_++	=_++	>_++	?_++	@_++	id	id	id	id	id	id	id	id	id	id	id	id	id	id	id	id	id	id	id	id	id	id	id	id	id	id	[_++	sta_++	]_++	^_++	__++	sta_++	id	id	id	id	id	id	id	id	id	id	id	id	id	id	id	id	id	id	id	id	id	id	id	id	id	id	{_++	|_++	}_++	~_++	unc
void	sta_++	!_++	"_++	#_++	$_++	%_++	&_++	'_++	(_++	)_++	*_++	+_++	,_++	-_++	._++	/_++	id	id	id	id	id	id	id	id	id	id	:_++	;_++	<_++	=_++	>_++	?_++	@_++	id	id	id	id	id	id	id	id	id	id	id	id	id	id	id	id	id	id	id	id	id	id	id	id	id	id	[_++	sta_++	]_++	^_++	__++	sta_++	id	id	id	id	id	id	id	id	id	id	id	id	id	id	id	id	id	id	id	id	id	id	id	id	id	id	{_++	|_++	}_++	~_++	unc
f16	sta_++	!_++	"_++	#_++	$_++	%_++	&_++	'_++	(_++	)_++	*_++	+_++	,_++	-_++	._++	/_++	id	id	id	id	id	id	id	id	id	id	:_++	;_++	<_++	=_++	>_++	?_++	@_++	id	id	id	id	id	id	id	id	id	id	id	id	id	id	id	id	id	id	id	id	id	id	id	id	id	id	[_++	sta_++	]_++	^_++	__++	sta_++	id	id	id	id	id	id	id	id	id	id	id	id	id	id	id	id	id	id	id	id	id	id	id	id	id	id	{_++	|_++	}_++	~_++	unc
gl	sta_++	!_++	"_++	#_++	$_++	%_++	&_++	'_++	(_++	)_++	*_++	+_++	,_++	-_++	._++	/_++	id	id	id	id	id	id	id	id	id	id	:_++	;_++	<_++	=_++	>_++	?_++	@_++	id	id	id	id	id	id	id	id	id	id	id	id	id	id	id	id	id	id	id	id	id	id	id	id	id	id	[_++	sta_++	]_++	^_++	__++	sta_++	id	id	id	id	id	id	id	id	id	id	id	id	id	id	id	id	id	id	id	id	id	id	id	id	gly	id	{_++	|_++	}_++	~_++	unc
i64	sta_++	!_++	"_++	#_++	$_++	%_++	&_++	'_++	(_++	)_++	*_++	+_++	,_++	-_++	._++	/_++	id	id	id	id	id	id	id	id	id	id	:_++	;_++	<_++	=_++	>_++	?_++	@_++	id	id	id	id	id	id	id	id	id	id	id	id	id	id	id	id	id	id	id	id	id	id	id	id	id	id	[_++	sta_++	]_++	^_++	__++	sta_++	id	id	id	id	id	id	id	id	id	id	id	id	id	id	id	id	id	id	id	id	id	id	id	id	id	id	{_++	|_++	}_++	~_++	unc
/	sta_++	!_++	"_++	#_++	$_++	%_++	&_++	'_++	(_++	)_++	/*	+_++	,_++	-_++	._++	//	0_++	int_++	int_++	int_++	int_++	int_++	int_++	int_++	int_++	int_++	:_++	;_++	<_++	/=	>_++	?_++	@_++	id_++	id_++	id_++	id_++	id_++	id_++	id_++	id_++	id_++	id_++	id_++	id_++	id_++	id_++	id_++	id_++	id_++	id_++	id_++	id_++	id_++	id_++	id_++	id_++	id_++	id_++	[_++	sta_++	]_++	^_++	__++	sta_++	id_++	b_++	c_++	d_++	e_++	f_++	g_++	id_++	i_++	id_++	id_++	id_++	m_++	n_++	id_++	p_++	id_++	r_++	s_++	t_++	u_++	v_++	w_++	id_++	id_++	id_++	{_++	|_++	}_++	~_++	unc
pri	sta_++	!_++	"_++	#_++	$_++	%_++	&_++	'_++	(_++	)_++	*_++	+_++	,_++	-_++	._++	/_++	id	id	id	id	id	id	id	id	id	id	:_++	;_++	<_++	=_++	>_++	?_++	@_++	id	id	id	id	id	id	id	id	id	id	id	id	id	id	id	id	id	id	id	id	id	id	id	id	id	id	[_++	sta_++	]_++	^_++	__++	sta_++	id	id	id	id	id	id	id	id	id	id	id	id	id	prin	id	id	id	id	id	id	id	id	id	id	id	id	{_++	|_++	}_++	~_++	unc
>>	sta_++	!_++	"_++	#_++	$_++	%_++	&_++	'_++	(_++	)_++	*_++	+_++	,_++	-_++	._++	/_++	0_++	int_++	int_++	int_++	int_++	int_++	int_++	int_++	int_++	int_++	:_++	;_++	<_++	>>=	>_++	?_++	@_++	id_++	id_++	id_++	id_++	id_++	id_++	id_++	id_++	id_++	id_++	id_++	id_++	id_++	id_++	id_++	id_++	id_++	id_++	id_++	id_++	id_++	id_++	id_++	id_++	id_++	id_++	[_++	sta_++	]_++	^_++	__++	sta_++	id_++	b_++	c_++	d_++	e_++	f_++	g_++	id_++	i_++	id_++	id_++	id_++	m_++	n_++	id_++	p_++	id_++	r_++	s_++	t_++	u_++	v_++	w_++	id_++	id_++	id_++	{_++	|_++	}_++	~_++	unc
?@	sta_++	!_++	"_++	#_++	$_++	%_++	&_++	'_++	(_++	)_++	*_++	+_++	,_++	-_++	._++	/_++	0_++	int_++	int_++	int_++	int_++	int_++	int_++	int_++	int_++	int_++	:_++	;_++	<_++	=_++	>_++	?_++	@_++	id_++	id_++	id_++	id_++	id_++	id_++	id_++	id_++	id_++	id_++	id_++	id_++	id_++	id_++	id_++	id_++	id_++	id_++	id_++	id_++	id_++	id_++	id_++	id_++	id_++	id_++	[_++	sta_++	]_++	^_++	__++	sta_++	id_++	b_++	c_++	d_++	e_++	f_++	g_++	id_++	i_++	id_++	id_++	id_++	m_++	n_++	id_++	p_++	id_++	r_++	s_++	t_++	u_++	v_++	w_++	id_++	id_++	id_++	{_++	|_++	}_++	~_++	unc
}	sta_++	!_++	"_++	#_++	$_++	%_++	&_++	'_++	(_++	)_++	*_++	+_++	,_++	-_++	._++	/_++	0_++	int_++	int_++	int_++	int_++	int_++	int_++	int_++	int_++	int_++	:_++	;_++	<_++	=_++	>_++	?_++	@_++	id_++	id_++	id_++	id_++	id_++	id_++	id_++	id_++	id_++	id_++	id_++	id_++	id_++	id_++	id_++	id_++	id_++	id_++	id_++	id_++	id_++	id_++	id_++	id_++	id_++	id_++	[_++	sta_++	]_++	^_++	__++	sta_++	id_++	b_++	c_++	d_++	e_++	f_++	g_++	id_++	i_++	id_++	id_++	id_++	m_++	n_++	id_++	p_++	id_++	r_++	s_++	t_++	u_++	v_++	w_++	id_++	id_++	id_++	{_++	|_++	}_++	~_++	unc
def	sta_++	!_++	"_++	#_++	$_++	%_++	&_++	'_++	(_++	)_++	*_++	+_++	,_++	-_++	._++	/_++	id	id	id	id	id	id	id	id	id	id	:_++	;_++	<_++	=_++	>_++	?_++	@_++	id	id	id	id	id	id	id	id	id	id	id	id	id	id	id	id	id	id	id	id	id	id	id	id	id	id	[_++	sta_++	]_++	^_++	__++	sta_++	defa	id	id	id	id	id	id	id	id	id	id	id	id	id	id	id	id	id	id	id	id	id	id	id	id	id	{_++	|_++	}_++	~_++	unc
bre	sta_++	!_++	"_++	#_++	$_++	%_++	&_++	'_++	(_++	)_++	*_++	+_++	,_++	-_++	._++	/_++	id	id	id	id	id	id	id	id	id	id	:_++	;_++	<_++	=_++	>_++	?_++	@_++	id	id	id	id	id	id	id	id	id	id	id	id	id	id	id	id	id	id	id	id	id	id	id	id	id	id	[_++	sta_++	]_++	^_++	__++	sta_++	brea	id	id	id	id	id	id	id	id	id	id	id	id	id	id	id	id	id	id	id	id	id	id	id	id	id	{_++	|_++	}_++	~_++	unc
~	sta_++	!_++	"_++	#_++	$_++	%_++	&_++	'_++	(_++	)_++	*_++	+_++	,_++	-_++	._++	~/	0_++	int_++	int_++	int_++	int_++	int_++	int_++	int_++	int_++	int_++	:_++	;_++	<_++	~=	>_++	?_++	@_++	id_++	id_++	id_++	id_++	id_++	id_++	id_++	id_++	id_++	id_++	id_++	id_++	id_++	id_++	id_++	id_++	id_++	id_++	id_++	id_++	id_++	id_++	id_++	id_++	id_++	id_++	[_++	sta_++	]_++	^_++	__++	sta_++	id_++	b_++	c_++	d_++	e_++	f_++	g_++	id_++	i_++	id_++	id_++	id_++	m_++	n_++	id_++	p_++	id_++	r_++	s_++	t_++	u_++	v_++	w_++	id_++	id_++	id_++	{_++	~|	}_++	~_++	unc
*	sta_++	!_++	"_++	#_++	$_++	%_++	&_++	'_++	(_++	)_++	*_++	+_++	,_++	-_++	._++	*/	0_++	int_++	int_++	int_++	int_++	int_++	int_++	int_++	int_++	int_++	:_++	;_++	<_++	*=	>_++	?_++	@_++	id_++	id_++	id_++	id_++	id_++	id_++	id_++	id_++	id_++	id_++	id_++	id_++	id_++	id_++	id_++	id_++	id_++	id_++	id_++	id_++	id_++	id_++	id_++	id_++	id_++	id_++	[_++	sta_++	]_++	^_++	__++	sta_++	id_++	b_++	c_++	d_++	e_++	f_++	g_++	id_++	i_++	id_++	id_++	id_++	m_++	n_++	id_++	p_++	id_++	r_++	s_++	t_++	u_++	v_++	w_++	id_++	id_++	id_++	{_++	|_++	}_++	~_++	unc
?!	sta_++	!_++	"_++	?!#	$_++	%_++	&_++	'_++	(_++	)_++	*_++	+_++	,_++	-_++	?!.	/_++	0_++	int_++	int_++	int_++	int_++	int_++	int_++	int_++	int_++	int_++	:_++	;_++	<_++	=_++	>_++	?_++	?!@	id_++	id_++	id_++	id_++	id_++	id_++	id_++	id_++	id_++	id_++	id_++	id_++	id_++	id_++	id_++	id_++	id_++	id_++	id_++	id_++	id_++	id_++	id_++	id_++	id_++	id_++	[_++	sta_++	]_++	^_++	__++	sta_++	id_++	b_++	c_++	d_++	e_++	f_++	g_++	id_++	i_++	id_++	id_++	id_++	m_++	n_++	id_++	p_++	id_++	r_++	s_++	t_++	u_++	v_++	w_++	id_++	id_++	id_++	{_++	|_++	}_++	~_++	unc
de	sta_++	!_++	"_++	#_++	$_++	%_++	&_++	'_++	(_++	)_++	*_++	+_++	,_++	-_++	._++	/_++	id	id	id	id	id	id	id	id	id	id	:_++	;_++	<_++	=_++	>_++	?_++	@_++	id	id	id	id	id	id	id	id	id	id	id	id	id	id	id	id	id	id	id	id	id	id	id	id	id	id	[_++	sta_++	]_++	^_++	__++	sta_++	id	id	id	id	id	def	id	id	id	id	id	id	id	id	id	id	id	id	id	id	id	id	id	id	id	id	{_++	|_++	}_++	~_++	unc
i32	sta_++	!_++	"_++	#_++	$_++	%_++	&_++	'_++	(_++	)_++	*_++	+_++	,_++	-_++	._++	/_++	id	id	id	id	id	id	id	id	id	id	:_++	;_++	<_++	=_++	>_++	?_++	@_++	id	id	id	id	id	id	id	id	id	id	id	id	id	id	id	id	id	id	id	id	id	id	id	id	id	id	[_++	sta_++	]_++	^_++	__++	sta_++	id	id	id	id	id	id	id	id	id	id	id	id	id	id	id	id	id	id	id	id	id	id	id	id	id	id	{_++	|_++	}_++	~_++	unc
[	sta_++	!_++	"_++	#_++	$_++	%_++	&_++	'_++	(_++	)_++	*_++	+_++	,_++	-_++	._++	/_++	0_++	int_++	int_++	int_++	int_++	int_++	int_++	int_++	int_++	int_++	:_++	;_++	<_++	=_++	>_++	?_++	@_++	id_++	id_++	id_++	id_++	id_++	id_++	id_++	id_++	id_++	id_++	id_++	id_++	id_++	id_++	id_++	id_++	id_++	id_++	id_++	id_++	id_++	id_++	id_++	id_++	id_++	id_++	[_++	sta_++	]_++	^_++	__++	sta_++	id_++	b_++	c_++	d_++	e_++	f_++	g_++	id_++	i_++	id_++	id_++	id_++	m_++	n_++	id_++	p_++	id_++	r_++	s_++	t_++	u_++	v_++	w_++	id_++	id_++	id_++	{_++	|_++	}_++	~_++	unc
wh	sta_++	!_++	"_++	#_++	$_++	%_++	&_++	'_++	(_++	)_++	*_++	+_++	,_++	-_++	._++	/_++	id	id	id	id	id	id	id	id	id	id	:_++	;_++	<_++	=_++	>_++	?_++	@_++	id	id	id	id	id	id	id	id	id	id	id	id	id	id	id	id	id	id	id	id	id	id	id	id	id	id	[_++	sta_++	]_++	^_++	__++	sta_++	id	id	id	id	id	id	id	id	whi	id	id	id	id	id	id	id	id	id	id	id	id	id	id	id	id	id	{_++	|_++	}_++	~_++	unc
?!#	sta_++	!_++	"_++	#_++	$_++	%_++	&_++	'_++	(_++	)_++	*_++	+_++	,_++	-_++	._++	/_++	0_++	int_++	int_++	int_++	int_++	int_++	int_++	int_++	int_++	int_++	:_++	;_++	<_++	=_++	>_++	?_++	@_++	id_++	id_++	id_++	id_++	id_++	id_++	id_++	id_++	id_++	id_++	id_++	id_++	id_++	id_++	id_++	id_++	id_++	id_++	id_++	id_++	id_++	id_++	id_++	id_++	id_++	id_++	[_++	sta_++	]_++	^_++	__++	sta_++	id_++	b_++	c_++	d_++	e_++	f_++	g_++	id_++	i_++	id_++	id_++	id_++	m_++	n_++	id_++	p_++	id_++	r_++	s_++	t_++	u_++	v_++	w_++	id_++	id_++	id_++	{_++	|_++	}_++	~_++	unc
b	sta_++	!_++	"_++	#_++	$_++	%_++	&_++	'_++	(_++	)_++	*_++	+_++	,_++	-_++	._++	/_++	id	id	id	id	id	id	id	id	id	id	:_++	;_++	<_++	=_++	>_++	?_++	@_++	id	id	id	id	id	id	id	id	id	id	id	id	id	id	id	id	id	id	id	id	id	id	id	id	id	id	[_++	sta_++	]_++	^_++	__++	sta_++	id	id	id	id	id	id	id	id	id	id	id	id	id	id	bo	id	id	br	id	id	id	id	id	id	by	id	{_++	|_++	}_++	~_++	unc
cha	sta_++	!_++	"_++	#_++	$_++	%_++	&_++	'_++	(_++	)_++	*_++	+_++	,_++	-_++	._++	/_++	id	id	id	id	id	id	id	id	id	id	:_++	;_++	<_++	=_++	>_++	?_++	@_++	id	id	id	id	id	id	id	id	id	id	id	id	id	id	id	id	id	id	id	id	id	id	id	id	id	id	[_++	sta_++	]_++	^_++	__++	sta_++	id	id	id	id	id	id	id	id	id	id	id	id	id	id	id	id	id	char	id	id	id	id	id	id	id	id	{_++	|_++	}_++	~_++	unc
v	sta_++	!_++	"_++	#_++	$_++	%_++	&_++	'_++	(_++	)_++	*_++	+_++	,_++	-_++	._++	/_++	id	id	id	id	id	id	id	id	id	id	:_++	;_++	<_++	=_++	>_++	?_++	@_++	id	id	id	id	id	id	id	id	id	id	id	id	id	id	id	id	id	id	id	id	id	id	id	id	id	id	[_++	sta_++	]_++	^_++	__++	sta_++	id	id	id	id	id	id	id	id	id	id	id	id	id	id	vo	id	id	id	id	id	id	id	id	id	id	id	{_++	|_++	}_++	~_++	unc
=	sta_++	!_++	"_++	#_++	$_++	%_++	&_++	'_++	(_++	)_++	*_++	+_++	,_++	-_++	._++	/_++	0_++	int_++	int_++	int_++	int_++	int_++	int_++	int_++	int_++	int_++	:_++	;_++	<_++	==	>_++	?_++	@_++	id_++	id_++	id_++	id_++	id_++	id_++	id_++	id_++	id_++	id_++	id_++	id_++	id_++	id_++	id_++	id_++	id_++	id_++	id_++	id_++	id_++	id_++	id_++	id_++	id_++	id_++	[_++	sta_++	]_++	^_++	__++	sta_++	id_++	b_++	c_++	d_++	e_++	f_++	g_++	id_++	i_++	id_++	id_++	id_++	m_++	n_++	id_++	p_++	id_++	r_++	s_++	t_++	u_++	v_++	w_++	id_++	id_++	id_++	{_++	|_++	}_++	~_++	unc
u8	sta_++	!_++	"_++	#_++	$_++	%_++	&_++	'_++	(_++	)_++	*_++	+_++	,_++	-_++	._++	/_++	id	id	id	id	id	id	id	id	id	id	:_++	;_++	<_++	=_++	>_++	?_++	@_++	id	id	id	id	id	id	id	id	id	id	id	id	id	id	id	id	id	id	id	id	id	id	id	id	id	id	[_++	sta_++	]_++	^_++	__++	sta_++	id	id	id	id	id	id	id	id	id	id	id	id	id	id	id	id	id	id	id	id	id	id	id	id	id	id	{_++	|_++	}_++	~_++	unc
size	sta_++	!_++	"_++	#_++	$_++	%_++	&_++	'_++	(_++	)_++	*_++	+_++	,_++	-_++	._++	/_++	id	id	id	id	id	id	id	id	id	id	:_++	;_++	<_++	=_++	>_++	?_++	@_++	id	id	id	id	id	id	id	id	id	id	id	id	id	id	id	id	id	id	id	id	id	id	id	id	id	id	[_++	sta_++	]_++	^_++	__++	sta_++	id	id	id	id	id	id	id	id	id	id	id	id	id	id	id	id	id	id	id	id	id	id	id	id	id	id	{_++	|_++	}_++	~_++	unc
contin	sta_++	!_++	"_++	#_++	$_++	%_++	&_++	'_++	(_++	)_++	*_++	+_++	,_++	-_++	._++	/_++	id	id	id	id	id	id	id	id	id	id	:_++	;_++	<_++	=_++	>_++	?_++	@_++	id	id	id	id	id	id	id	id	id	id	id	id	id	id	id	id	id	id	id	id	id	id	id	id	id	id	[_++	sta_++	]_++	^_++	__++	sta_++	id	id	id	id	id	id	id	id	id	id	id	id	id	id	id	id	id	id	id	id	continu	id	id	id	id	id	{_++	|_++	}_++	~_++	unc
%=	sta_++	!_++	"_++	#_++	$_++	%_++	&_++	'_++	(_++	)_++	*_++	+_++	,_++	-_++	._++	/_++	0_++	int_++	int_++	int_++	int_++	int_++	int_++	int_++	int_++	int_++	:_++	;_++	<_++	=_++	>_++	?_++	@_++	id_++	id_++	id_++	id_++	id_++	id_++	id_++	id_++	id_++	id_++	id_++	id_++	id_++	id_++	id_++	id_++	id_++	id_++	id_++	id_++	id_++	id_++	id_++	id_++	id_++	id_++	[_++	sta_++	]_++	^_++	__++	sta_++	id_++	b_++	c_++	d_++	e_++	f_++	g_++	id_++	i_++	id_++	id_++	id_++	m_++	n_++	id_++	p_++	id_++	r_++	s_++	t_++	u_++	v_++	w_++	id_++	id_++	id_++	{_++	|_++	}_++	~_++	unc
imp	sta_++	!_++	"_++	#_++	$_++	%_++	&_++	'_++	(_++	)_++	*_++	+_++	,_++	-_++	._++	/_++	id	id	id	id	id	id	id	id	id	id	:_++	;_++	<_++	=_++	>_++	?_++	@_++	id	id	id	id	id	id	id	id	id	id	id	id	id	id	id	id	id	id	id	id	id	id	id	id	id	id	[_++	sta_++	]_++	^_++	__++	sta_++	id	id	id	id	id	id	id	id	id	id	id	id	id	id	impo	id	id	id	id	id	id	id	id	id	id	id	{_++	|_++	}_++	~_++	unc
retur	sta_++	!_++	"_++	#_++	$_++	%_++	&_++	'_++	(_++	)_++	*_++	+_++	,_++	-_++	._++	/_++	id	id	id	id	id	id	id	id	id	id	:_++	;_++	<_++	=_++	>_++	?_++	@_++	id	id	id	id	id	id	id	id	id	id	id	id	id	id	id	id	id	id	id	id	id	id	id	id	id	id	[_++	sta_++	]_++	^_++	__++	sta_++	id	id	id	id	id	id	id	id	id	id	id	id	id	return	id	id	id	id	id	id	id	id	id	id	id	id	{_++	|_++	}_++	~_++	unc
r	sta_++	!_++	"_++	#_++	$_++	%_++	&_++	'_++	(_++	)_++	*_++	+_++	,_++	-_++	._++	/_++	id	id	id	id	id	id	id	id	id	id	:_++	;_++	<_++	=_++	>_++	?_++	@_++	id	id	id	id	id	id	id	id	id	id	id	id	id	id	id	id	id	id	id	id	id	id	id	id	id	id	[_++	sta_++	]_++	^_++	__++	sta_++	id	id	id	id	re	id	id	id	id	id	id	id	id	id	id	id	id	id	id	id	id	id	id	id	id	id	{_++	|_++	}_++	~_++	unc
continu	sta_++	!_++	"_++	#_++	$_++	%_++	&_++	'_++	(_++	)_++	*_++	+_++	,_++	-_++	._++	/_++	id	id	id	id	id	id	id	id	id	id	:_++	;_++	<_++	=_++	>_++	?_++	@_++	id	id	id	id	id	id	id	id	id	id	id	id	id	id	id	id	id	id	id	id	id	id	id	id	id	id	[_++	sta_++	]_++	^_++	__++	sta_++	id	id	id	id	continue	id	id	id	id	id	id	id	id	id	id	id	id	id	id	id	id	id	id	id	id	id	{_++	|_++	}_++	~_++	unc
voi	sta_++	!_++	"_++	#_++	$_++	%_++	&_++	'_++	(_++	)_++	*_++	+_++	,_++	-_++	._++	/_++	id	id	id	id	id	id	id	id	id	id	:_++	;_++	<_++	=_++	>_++	?_++	@_++	id	id	id	id	id	id	id	id	id	id	id	id	id	id	id	id	id	id	id	id	id	id	id	id	id	id	[_++	sta_++	]_++	^_++	__++	sta_++	id	id	id	void	id	id	id	id	id	id	id	id	id	id	id	id	id	id	id	id	id	id	id	id	id	id	{_++	|_++	}_++	~_++	unc
for	sta_++	!_++	"_++	#_++	$_++	%_++	&_++	'_++	(_++	)_++	*_++	+_++	,_++	-_++	._++	/_++	id	id	id	id	id	id	id	id	id	id	:_++	;_++	<_++	=_++	>_++	?_++	@_++	id	id	id	id	id	id	id	id	id	id	id	id	id	id	id	id	id	id	id	id	id	id	id	id	id	id	[_++	sta_++	]_++	^_++	__++	sta_++	id	id	id	id	id	id	id	id	id	id	id	id	id	id	id	id	id	id	id	id	id	id	id	id	id	id	{_++	|_++	}_++	~_++	unc
els	sta_++	!_++	"_++	#_++	$_++	%_++	&_++	'_++	(_++	)_++	*_++	+_++	,_++	-_++	._++	/_++	id	id	id	id	id	id	id	id	id	id	:_++	;_++	<_++	=_++	>_++	?_++	@_++	id	id	id	id	id	id	id	id	id	id	id	id	id	id	id	id	id	id	id	id	id	id	id	id	id	id	[_++	sta_++	]_++	^_++	__++	sta_++	id	id	id	id	else	id	id	id	id	id	id	id	id	id	id	id	id	id	id	id	id	id	id	id	id	id	{_++	|_++	}_++	~_++	unc
brea	sta_++	!_++	"_++	#_++	$_++	%_++	&_++	'_++	(_++	)_++	*_++	+_++	,_++	-_++	._++	/_++	id	id	id	id	id	id	id	id	id	id	:_++	;_++	<_++	=_++	>_++	?_++	@_++	id	id	id	id	id	id	id	id	id	id	id	id	id	id	id	id	id	id	id	id	id	id	id	id	id	id	[_++	sta_++	]_++	^_++	__++	sta_++	id	id	id	id	id	id	id	id	id	id	break	id	id	id	id	id	id	id	id	id	id	id	id	id	id	id	{_++	|_++	}_++	~_++	unc
con	sta_++	!_++	"_++	#_++	$_++	%_++	&_++	'_++	(_++	)_++	*_++	+_++	,_++	-_++	._++	/_++	id	id	id	id	id	id	id	id	id	id	:_++	;_++	<_++	=_++	>_++	?_++	@_++	id	id	id	id	id	id	id	id	id	id	id	id	id	id	id	id	id	id	id	id	id	id	id	id	id	id	[_++	sta_++	]_++	^_++	__++	sta_++	id	id	id	id	id	id	id	id	id	id	id	id	id	id	id	id	id	id	id	cont	id	id	id	id	id	id	{_++	|_++	}_++	~_++	unc
defaul	sta_++	!_++	"_++	#_++	$_++	%_++	&_++	'_++	(_++	)_++	*_++	+_++	,_++	-_++	._++	/_++	id	id	id	id	id	id	id	id	id	id	:_++	;_++	<_++	=_++	>_++	?_++	@_++	id	id	id	id	id	id	id	id	id	id	id	id	id	id	id	id	id	id	id	id	id	id	id	id	id	id	[_++	sta_++	]_++	^_++	__++	sta_++	id	id	id	id	id	id	id	id	id	id	id	id	id	id	id	id	id	id	id	default	id	id	id	id	id	id	{_++	|_++	}_++	~_++	unc
type	sta_++	!_++	"_++	#_++	$_++	%_++	&_++	'_++	(_++	)_++	*_++	+_++	,_++	-_++	._++	/_++	id	id	id	id	id	id	id	id	id	id	:_++	;_++	<_++	=_++	>_++	?_++	@_++	id	id	id	id	id	id	id	id	id	id	id	id	id	id	id	id	id	id	id	id	id	id	id	id	id	id	[_++	sta_++	]_++	^_++	__++	sta_++	id	id	id	id	id	id	id	id	id	id	id	id	id	id	id	id	id	id	id	id	id	id	id	id	id	id	{_++	|_++	}_++	~_++	unc
!?	sta_++	!_++	"_++	!?#	$_++	%_++	&_++	'_++	(_++	)_++	*_++	+_++	,_++	-_++	!?.	/_++	0_++	int_++	int_++	int_++	int_++	int_++	int_++	int_++	int_++	int_++	:_++	;_++	<_++	=_++	>_++	?_++	!?@	id_++	id_++	id_++	id_++	id_++	id_++	id_++	id_++	id_++	id_++	id_++	id_++	id_++	id_++	id_++	id_++	id_++	id_++	id_++	id_++	id_++	id_++	id_++	id_++	id_++	id_++	[_++	sta_++	]_++	^_++	__++	sta_++	id_++	b_++	c_++	d_++	e_++	f_++	g_++	id_++	i_++	id_++	id_++	id_++	m_++	n_++	id_++	p_++	id_++	r_++	s_++	t_++	u_++	v_++	w_++	id_++	id_++	id_++	{_++	|_++	}_++	~_++	unc
~/=	sta_++	!_++	"_++	#_++	$_++	%_++	&_++	'_++	(_++	)_++	*_++	+_++	,_++	-_++	._++	/_++	0_++	int_++	int_++	int_++	int_++	int_++	int_++	int_++	int_++	int_++	:_++	;_++	<_++	=_++	>_++	?_++	@_++	id_++	id_++	id_++	id_++	id_++	id_++	id_++	id_++	id_++	id_++	id_++	id_++	id_++	id_++	id_++	id_++	id_++	id_++	id_++	id_++	id_++	id_++	id_++	id_++	id_++	id_++	[_++	sta_++	]_++	^_++	__++	sta_++	id_++	b_++	c_++	d_++	e_++	f_++	g_++	id_++	i_++	id_++	id_++	id_++	m_++	n_++	id_++	p_++	id_++	r_++	s_++	t_++	u_++	v_++	w_++	id_++	id_++	id_++	{_++	|_++	}_++	~_++	unc
%	sta_++	!_++	"_++	#_++	$_++	%_++	&_++	'_++	(_++	)_++	*_++	+_++	,_++	-_++	._++	/_++	0_++	int_++	int_++	int_++	int_++	int_++	int_++	int_++	int_++	int_++	:_++	;_++	<_++	%=	>_++	?_++	@_++	id_++	id_++	id_++	id_++	id_++	id_++	id_++	id_++	id_++	id_++	id_++	id_++	id_++	id_++	id_++	id_++	id_++	id_++	id_++	id_++	id_++	id_++	id_++	id_++	id_++	id_++	[_++	sta_++	]_++	^_++	__++	sta_++	id_++	b_++	c_++	d_++	e_++	f_++	g_++	id_++	i_++	id_++	id_++	id_++	m_++	n_++	id_++	p_++	id_++	r_++	s_++	t_++	u_++	v_++	w_++	id_++	id_++	id_++	{_++	|_++	}_++	~_++	unc
>>=	sta_++	!_++	"_++	#_++	$_++	%_++	&_++	'_++	(_++	)_++	*_++	+_++	,_++	-_++	._++	/_++	0_++	int_++	int_++	int_++	int_++	int_++	int_++	int_++	int_++	int_++	:_++	;_++	<_++	=_++	>_++	?_++	@_++	id_++	id_++	id_++	id_++	id_++	id_++	id_++	id_++	id_++	id_++	id_++	id_++	id_++	id_++	id_++	id_++	id_++	id_++	id_++	id_++	id_++	id_++	id_++	id_++	id_++	id_++	[_++	sta_++	]_++	^_++	__++	sta_++	id_++	b_++	c_++	d_++	e_++	f_++	g_++	id_++	i_++	id_++	id_++	id_++	m_++	n_++	id_++	p_++	id_++	r_++	s_++	t_++	u_++	v_++	w_++	id_++	id_++	id_++	{_++	|_++	}_++	~_++	unc
..	sta_++	!_++	"_++	#_++	$_++	%_++	&_++	'_++	(_++	)_++	*_++	+_++	,_++	-_++	...	/_++	0_++	int_++	int_++	int_++	int_++	int_++	int_++	int_++	int_++	int_++	:_++	;_++	<_++	=_++	>_++	?_++	@_++	id_++	id_++	id_++	id_++	id_++	id_++	id_++	id_++	id_++	id_++	id_++	id_++	id_++	id_++	id_++	id_++	id_++	id_++	id_++	id_++	id_++	id_++	id_++	id_++	id_++	id_++	[_++	sta_++	]_++	^_++	__++	sta_++	id_++	b_++	c_++	d_++	e_++	f_++	g_++	id_++	i_++	id_++	id_++	id_++	m_++	n_++	id_++	p_++	id_++	r_++	s_++	t_++	u_++	v_++	w_++	id_++	id_++	id_++	{_++	|_++	}_++	~_++	unc
i	sta_++	!_++	"_++	#_++	$_++	%_++	&_++	'_++	(_++	)_++	*_++	+_++	,_++	-_++	._++	/_++	id	i1	id	i3	id	id	i6	id	i8	id	:_++	;_++	<_++	=_++	>_++	?_++	@_++	id	id	id	id	id	id	id	id	id	id	id	id	id	id	id	id	id	id	id	id	id	id	id	id	id	id	[_++	sta_++	]_++	^_++	__++	sta_++	id	id	id	id	id	if	id	id	id	id	id	id	im	in	id	id	id	id	id	id	id	id	id	id	id	id	{_++	|_++	}_++	~_++	unc
u64	sta_++	!_++	"_++	#_++	$_++	%_++	&_++	'_++	(_++	)_++	*_++	+_++	,_++	-_++	._++	/_++	id	id	id	id	id	id	id	id	id	id	:_++	;_++	<_++	=_++	>_++	?_++	@_++	id	id	id	id	id	id	id	id	id	id	id	id	id	id	id	id	id	id	id	id	id	id	id	id	id	id	[_++	sta_++	]_++	^_++	__++	sta_++	id	id	id	id	id	id	id	id	id	id	id	id	id	id	id	id	id	id	id	id	id	id	id	id	id	id	{_++	|_++	}_++	~_++	unc
!!	sta_++	!_++	"_++	#_++	$_++	%_++	&_++	'_++	(_++	)_++	*_++	+_++	,_++	-_++	._++	/_++	0_++	int_++	int_++	int_++	int_++	int_++	int_++	int_++	int_++	int_++	:_++	;_++	<_++	=_++	>_++	?_++	@_++	id_++	id_++	id_++	id_++	id_++	id_++	id_++	id_++	id_++	id_++	id_++	id_++	id_++	id_++	id_++	id_++	id_++	id_++	id_++	id_++	id_++	id_++	id_++	id_++	id_++	id_++	[_++	sta_++	]_++	^_++	__++	sta_++	id_++	b_++	c_++	d_++	e_++	f_++	g_++	id_++	i_++	id_++	id_++	id_++	m_++	n_++	id_++	p_++	id_++	r_++	s_++	t_++	u_++	v_++	w_++	id_++	id_++	id_++	{_++	|_++	}_++	~_++	unc
f32	sta_++	!_++	"_++	#_++	$_++	%_++	&_++	'_++	(_++	)_++	*_++	+_++	,_++	-_++	._++	/_++	id	id	id	id	id	id	id	id	id	id	:_++	;_++	<_++	=_++	>_++	?_++	@_++	id	id	id	id	id	id	id	id	id	id	id	id	id	id	id	id	id	id	id	id	id	id	id	id	id	id	[_++	sta_++	]_++	^_++	__++	sta_++	id	id	id	id	id	id	id	id	id	id	id	id	id	id	id	id	id	id	id	id	id	id	id	id	id	id	{_++	|_++	}_++	~_++	unc
i16	sta_++	!_++	"_++	#_++	$_++	%_++	&_++	'_++	(_++	)_++	*_++	+_++	,_++	-_++	._++	/_++	id	id	id	id	id	id	id	id	id	id	:_++	;_++	<_++	=_++	>_++	?_++	@_++	id	id	id	id	id	id	id	id	id	id	id	id	id	id	id	id	id	id	id	id	id	id	id	id	id	id	[_++	sta_++	]_++	^_++	__++	sta_++	id	id	id	id	id	id	id	id	id	id	id	id	id	id	id	id	id	id	id	id	id	id	id	id	id	id	{_++	|_++	}_++	~_++	unc
_	sta_++	!_++	"_++	#_++	$_++	%_++	&_++	'_++	(_++	)_++	*_++	+_++	,_++	-_++	._++	/_++	0_++	int_++	int_++	int_++	int_++	int_++	int_++	int_++	int_++	int_++	:_++	;_++	<_++	=_++	>_++	?_++	@_++	id_++	id_++	id_++	id_++	id_++	id_++	id_++	id_++	id_++	id_++	id_++	id_++	id_++	id_++	id_++	id_++	id_++	id_++	id_++	id_++	id_++	id_++	id_++	id_++	id_++	id_++	[_++	sta_++	]_++	^_++	__++	sta_++	id_++	b_++	c_++	d_++	e_++	f_++	g_++	id_++	i_++	id_++	id_++	id_++	m_++	n_++	id_++	p_++	id_++	r_++	s_++	t_++	u_++	v_++	w_++	id_++	id_++	id_++	{_++	|_++	}_++	~_++	unc
mut	sta_++	!_++	"_++	#_++	$_++	%_++	&_++	'_++	(_++	)_++	*_++	+_++	,_++	-_++	._++	/_++	id	id	id	id	id	id	id	id	id	id	:_++	;_++	<_++	=_++	>_++	?_++	@_++	id	id	id	id	id	id	id	id	id	id	id	id	id	id	id	id	id	id	id	id	id	id	id	id	id	id	[_++	sta_++	]_++	^_++	__++	sta_++	id	id	id	id	id	id	id	id	id	id	id	id	id	id	id	id	id	id	id	id	id	id	id	id	id	id	{_++	|_++	}_++	~_++	unc
by	sta_++	!_++	"_++	#_++	$_++	%_++	&_++	'_++	(_++	)_++	*_++	+_++	,_++	-_++	._++	/_++	id	id	id	id	id	id	id	id	id	id	:_++	;_++	<_++	=_++	>_++	?_++	@_++	id	id	id	id	id	id	id	id	id	id	id	id	id	id	id	id	id	id	id	id	id	id	id	id	id	id	[_++	sta_++	]_++	^_++	__++	sta_++	id	id	id	id	id	id	id	id	id	id	id	id	id	id	id	id	id	id	id	byt	id	id	id	id	id	id	{_++	|_++	}_++	~_++	unc
default	sta_++	!_++	"_++	#_++	$_++	%_++	&_++	'_++	(_++	)_++	*_++	+_++	,_++	-_++	._++	/_++	id	id	id	id	id	id	id	id	id	id	:_++	;_++	<_++	=_++	>_++	?_++	@_++	id	id	id	id	id	id	id	id	id	id	id	id	id	id	id	id	id	id	id	id	id	id	id	id	id	id	[_++	sta_++	]_++	^_++	__++	sta_++	id	id	id	id	id	id	id	id	id	id	id	id	id	id	id	id	id	id	id	id	id	id	id	id	id	id	{_++	|_++	}_++	~_++	unc
case	sta_++	!_++	"_++	#_++	$_++	%_++	&_++	'_++	(_++	)_++	*_++	+_++	,_++	-_++	._++	/_++	id	id	id	id	id	id	id	id	id	id	:_++	;_++	<_++	=_++	>_++	?_++	@_++	id	id	id	id	id	id	id	id	id	id	id	id	id	id	id	id	id	id	id	id	id	id	id	id	id	id	[_++	sta_++	]_++	^_++	__++	sta_++	id	id	id	id	id	id	id	id	id	id	id	id	id	id	id	id	id	id	id	id	id	id	id	id	id	id	{_++	|_++	}_++	~_++	unc
~|	sta_++	!_++	"_++	#_++	$_++	%_++	&_++	'_++	(_++	)_++	*_++	+_++	,_++	-_++	._++	/_++	0_++	int_++	int_++	int_++	int_++	int_++	int_++	int_++	int_++	int_++	:_++	;_++	<_++	~|=	>_++	?_++	@_++	id_++	id_++	id_++	id_++	id_++	id_++	id_++	id_++	id_++	id_++	id_++	id_++	id_++	id_++	id_++	id_++	id_++	id_++	id_++	id_++	id_++	id_++	id_++	id_++	id_++	id_++	[_++	sta_++	]_++	^_++	__++	sta_++	id_++	b_++	c_++	d_++	e_++	f_++	g_++	id_++	i_++	id_++	id_++	id_++	m_++	n_++	id_++	p_++	id_++	r_++	s_++	t_++	u_++	v_++	w_++	id_++	id_++	id_++	{_++	|_++	}_++	~_++	unc
retu	sta_++	!_++	"_++	#_++	$_++	%_++	&_++	'_++	(_++	)_++	*_++	+_++	,_++	-_++	._++	/_++	id	id	id	id	id	id	id	id	id	id	:_++	;_++	<_++	=_++	>_++	?_++	@_++	id	id	id	id	id	id	id	id	id	id	id	id	id	id	id	id	id	id	id	id	id	id	id	id	id	id	[_++	sta_++	]_++	^_++	__++	sta_++	id	id	id	id	id	id	id	id	id	id	id	id	id	id	id	id	id	retur	id	id	id	id	id	id	id	id	{_++	|_++	}_++	~_++	unc
do	sta_++	!_++	"_++	#_++	$_++	%_++	&_++	'_++	(_++	)_++	*_++	+_++	,_++	-_++	._++	/_++	id	id	id	id	id	id	id	id	id	id	:_++	;_++	<_++	=_++	>_++	?_++	@_++	id	id	id	id	id	id	id	id	id	id	id	id	id	id	id	id	id	id	id	id	id	id	id	id	id	id	[_++	sta_++	]_++	^_++	__++	sta_++	id	id	id	id	id	id	id	id	id	id	id	id	id	id	id	id	id	id	id	id	id	id	id	id	id	id	{_++	|_++	}_++	~_++	unc
c	sta_++	!_++	"_++	#_++	$_++	%_++	&_++	'_++	(_++	)_++	*_++	+_++	,_++	-_++	._++	/_++	id	id	id	id	id	id	id	id	id	id	:_++	;_++	<_++	=_++	>_++	?_++	@_++	id	id	id	id	id	id	id	id	id	id	id	id	id	id	id	id	id	id	id	id	id	id	id	id	id	id	[_++	sta_++	]_++	^_++	__++	sta_++	ca	id	id	id	id	id	id	ch	id	id	id	id	id	id	co	id	id	id	id	id	id	id	id	id	id	id	{_++	|_++	}_++	~_++	unc
mu	sta_++	!_++	"_++	#_++	$_++	%_++	&_++	'_++	(_++	)_++	*_++	+_++	,_++	-_++	._++	/_++	id	id	id	id	id	id	id	id	id	id	:_++	;_++	<_++	=_++	>_++	?_++	@_++	id	id	id	id	id	id	id	id	id	id	id	id	id	id	id	id	id	id	id	id	id	id	id	id	id	id	[_++	sta_++	]_++	^_++	__++	sta_++	id	id	id	id	id	id	id	id	id	id	id	id	id	id	id	id	id	id	id	mut	id	id	id	id	id	id	{_++	|_++	}_++	~_++	unc
$	sta_++	!_++	"_++	#_++	$_++	%_++	&_++	'_++	(_++	)_++	*_++	+_++	,_++	-_++	._++	/_++	0_++	int_++	int_++	int_++	int_++	int_++	int_++	int_++	int_++	int_++	:_++	;_++	<_++	=_++	>_++	?_++	@_++	id_++	id_++	id_++	id_++	id_++	id_++	id_++	id_++	id_++	id_++	id_++	id_++	id_++	id_++	id_++	id_++	id_++	id_++	id_++	id_++	id_++	id_++	id_++	id_++	id_++	id_++	[_++	sta_++	]_++	^_++	__++	sta_++	id_++	b_++	c_++	d_++	e_++	f_++	g_++	id_++	i_++	id_++	id_++	id_++	m_++	n_++	id_++	p_++	id_++	r_++	s_++	t_++	u_++	v_++	w_++	id_++	id_++	id_++	{_++	|_++	}_++	~_++	unc
matc	sta_++	!_++	"_++	#_++	$_++	%_++	&_++	'_++	(_++	)_++	*_++	+_++	,_++	-_++	._++	/_++	id	id	id	id	id	id	id	id	id	id	:_++	;_++	<_++	=_++	>_++	?_++	@_++	id	id	id	id	id	id	id	id	id	id	id	id	id	id	id	id	id	id	id	id	id	id	id	id	id	id	[_++	sta_++	]_++	^_++	__++	sta_++	id	id	id	id	id	id	id	match	id	id	id	id	id	id	id	id	id	id	id	id	id	id	id	id	id	id	{_++	|_++	}_++	~_++	unc
,	sta_++	!_++	"_++	#_++	$_++	%_++	&_++	'_++	(_++	)_++	*_++	+_++	,_++	-_++	._++	/_++	0_++	int_++	int_++	int_++	int_++	int_++	int_++	int_++	int_++	int_++	:_++	;_++	<_++	=_++	>_++	?_++	@_++	id_++	id_++	id_++	id_++	id_++	id_++	id_++	id_++	id_++	id_++	id_++	id_++	id_++	id_++	id_++	id_++	id_++	id_++	id_++	id_++	id_++	id_++	id_++	id_++	id_++	id_++	[_++	sta_++	]_++	^_++	__++	sta_++	id_++	b_++	c_++	d_++	e_++	f_++	g_++	id_++	i_++	id_++	id_++	id_++	m_++	n_++	id_++	p_++	id_++	r_++	s_++	t_++	u_++	v_++	w_++	id_++	id_++	id_++	{_++	|_++	}_++	~_++	unc
whi	sta_++	!_++	"_++	#_++	$_++	%_++	&_++	'_++	(_++	)_++	*_++	+_++	,_++	-_++	._++	/_++	id	id	id	id	id	id	id	id	id	id	:_++	;_++	<_++	=_++	>_++	?_++	@_++	id	id	id	id	id	id	id	id	id	id	id	id	id	id	id	id	id	id	id	id	id	id	id	id	id	id	[_++	sta_++	]_++	^_++	__++	sta_++	id	id	id	id	id	id	id	id	id	id	id	whil	id	id	id	id	id	id	id	id	id	id	id	id	id	id	{_++	|_++	}_++	~_++	unc
|>	sta_++	!_++	"_++	#_++	$_++	%_++	&_++	'_++	(_++	)_++	*_++	+_++	,_++	-_++	._++	/_++	0_++	int_++	int_++	int_++	int_++	int_++	int_++	int_++	int_++	int_++	:_++	;_++	<_++	=_++	>_++	?_++	@_++	id_++	id_++	id_++	id_++	id_++	id_++	id_++	id_++	id_++	id_++	id_++	id_++	id_++	id_++	id_++	id_++	id_++	id_++	id_++	id_++	id_++	id_++	id_++	id_++	id_++	id_++	[_++	sta_++	]_++	^_++	__++	sta_++	id_++	b_++	c_++	d_++	e_++	f_++	g_++	id_++	i_++	id_++	id_++	id_++	m_++	n_++	id_++	p_++	id_++	r_++	s_++	t_++	u_++	v_++	w_++	id_++	id_++	id_++	{_++	|_++	}_++	~_++	unc
-=	sta_++	!_++	"_++	#_++	$_++	%_++	&_++	'_++	(_++	)_++	*_++	+_++	,_++	-_++	._++	/_++	0_++	int_++	int_++	int_++	int_++	int_++	int_++	int_++	int_++	int_++	:_++	;_++	<_++	=_++	>_++	?_++	@_++	id_++	id_++	id_++	id_++	id_++	id_++	id_++	id_++	id_++	id_++	id_++	id_++	id_++	id_++	id_++	id_++	id_++	id_++	id_++	id_++	id_++	id_++	id_++	id_++	id_++	id_++	[_++	sta_++	]_++	^_++	__++	sta_++	id_++	b_++	c_++	d_++	e_++	f_++	g_++	id_++	i_++	id_++	id_++	id_++	m_++	n_++	id_++	p_++	id_++	r_++	s_++	t_++	u_++	v_++	w_++	id_++	id_++	id_++	{_++	|_++	}_++	~_++	unc
import	sta_++	!_++	"_++	#_++	$_++	%_++	&_++	'_++	(_++	)_++	*_++	+_++	,_++	-_++	._++	/_++	id	id	id	id	id	id	id	id	id	id	:_++	;_++	<_++	=_++	>_++	?_++	@_++	id	id	id	id	id	id	id	id	id	id	id	id	id	id	id	id	id	id	id	id	id	id	id	id	id	id	[_++	sta_++	]_++	^_++	__++	sta_++	id	id	id	id	id	id	id	id	id	id	id	id	id	id	id	id	id	id	id	id	id	id	id	id	id	id	{_++	|_++	}_++	~_++	unc
!?#	sta_++	!_++	"_++	#_++	$_++	%_++	&_++	'_++	(_++	)_++	*_++	+_++	,_++	-_++	._++	/_++	0_++	int_++	int_++	int_++	int_++	int_++	int_++	int_++	int_++	int_++	:_++	;_++	<_++	=_++	>_++	?_++	@_++	id_++	id_++	id_++	id_++	id_++	id_++	id_++	id_++	id_++	id_++	id_++	id_++	id_++	id_++	id_++	id_++	id_++	id_++	id_++	id_++	id_++	id_++	id_++	id_++	id_++	id_++	[_++	sta_++	]_++	^_++	__++	sta_++	id_++	b_++	c_++	d_++	e_++	f_++	g_++	id_++	i_++	id_++	id_++	id_++	m_++	n_++	id_++	p_++	id_++	r_++	s_++	t_++	u_++	v_++	w_++	id_++	id_++	id_++	{_++	|_++	}_++	~_++	unc
<=	sta_++	!_++	"_++	#_++	$_++	%_++	&_++	'_++	(_++	)_++	*_++	+_++	,_++	-_++	._++	/_++	0_++	int_++	int_++	int_++	int_++	int_++	int_++	int_++	int_++	int_++	:_++	;_++	<_++	=_++	>_++	?_++	@_++	id_++	id_++	id_++	id_++	id_++	id_++	id_++	id_++	id_++	id_++	id_++	id_++	id_++	id_++	id_++	id_++	id_++	id_++	id_++	id_++	id_++	id_++	id_++	id_++	id_++	id_++	[_++	sta_++	]_++	^_++	__++	sta_++	id_++	b_++	c_++	d_++	e_++	f_++	g_++	id_++	i_++	id_++	id_++	id_++	m_++	n_++	id_++	p_++	id_++	r_++	s_++	t_++	u_++	v_++	w_++	id_++	id_++	id_++	{_++	|_++	}_++	~_++	unc
??	sta_++	!_++	"_++	#_++	$_++	%_++	&_++	'_++	(_++	)_++	*_++	+_++	,_++	-_++	._++	/_++	0_++	int_++	int_++	int_++	int_++	int_++	int_++	int_++	int_++	int_++	:_++	;_++	<_++	??=	>_++	?_++	@_++	id_++	id_++	id_++	id_++	id_++	id_++	id_++	id_++	id_++	id_++	id_++	id_++	id_++	id_++	id_++	id_++	id_++	id_++	id_++	id_++	id_++	id_++	id_++	id_++	id_++	id_++	[_++	sta_++	]_++	^_++	__++	sta_++	id_++	b_++	c_++	d_++	e_++	f_++	g_++	id_++	i_++	id_++	id_++	id_++	m_++	n_++	id_++	p_++	id_++	r_++	s_++	t_++	u_++	v_++	w_++	id_++	id_++	id_++	{_++	|_++	}_++	~_++	unc
/=	sta_++	!_++	"_++	#_++	$_++	%_++	&_++	'_++	(_++	)_++	*_++	+_++	,_++	-_++	._++	/_++	0_++	int_++	int_++	int_++	int_++	int_++	int_++	int_++	int_++	int_++	:_++	;_++	<_++	=_++	>_++	?_++	@_++	id_++	id_++	id_++	id_++	id_++	id_++	id_++	id_++	id_++	id_++	id_++	id_++	id_++	id_++	id_++	id_++	id_++	id_++	id_++	id_++	id_++	id_++	id_++	id_++	id_++	id_++	[_++	sta_++	]_++	^_++	__++	sta_++	id_++	b_++	c_++	d_++	e_++	f_++	g_++	id_++	i_++	id_++	id_++	id_++	m_++	n_++	id_++	p_++	id_++	r_++	s_++	t_++	u_++	v_++	w_++	id_++	id_++	id_++	{_++	|_++	}_++	~_++	unc
//	sta_++	!_++	"_++	#_++	$_++	%_++	&_++	'_++	(_++	)_++	*_++	+_++	,_++	-_++	._++	/_++	0_++	int_++	int_++	int_++	int_++	int_++	int_++	int_++	int_++	int_++	:_++	;_++	<_++	=_++	>_++	?_++	@_++	id_++	id_++	id_++	id_++	id_++	id_++	id_++	id_++	id_++	id_++	id_++	id_++	id_++	id_++	id_++	id_++	id_++	id_++	id_++	id_++	id_++	id_++	id_++	id_++	id_++	id_++	[_++	sta_++	]_++	^_++	__++	sta_++	id_++	b_++	c_++	d_++	e_++	f_++	g_++	id_++	i_++	id_++	id_++	id_++	m_++	n_++	id_++	p_++	id_++	r_++	s_++	t_++	u_++	v_++	w_++	id_++	id_++	id_++	{_++	|_++	}_++	~_++	unc
char	sta_++	!_++	"_++	#_++	$_++	%_++	&_++	'_++	(_++	)_++	*_++	+_++	,_++	-_++	._++	/_++	id	id	id	id	id	id	id	id	id	id	:_++	;_++	<_++	=_++	>_++	?_++	@_++	id	id	id	id	id	id	id	id	id	id	id	id	id	id	id	id	id	id	id	id	id	id	id	id	id	id	[_++	sta_++	]_++	^_++	__++	sta_++	id	id	id	id	id	id	id	id	id	id	id	id	id	id	id	id	id	id	id	id	id	id	id	id	id	id	{_++	|_++	}_++	~_++	unc
ca	sta_++	!_++	"_++	#_++	$_++	%_++	&_++	'_++	(_++	)_++	*_++	+_++	,_++	-_++	._++	/_++	id	id	id	id	id	id	id	id	id	id	:_++	;_++	<_++	=_++	>_++	?_++	@_++	id	id	id	id	id	id	id	id	id	id	id	id	id	id	id	id	id	id	id	id	id	id	id	id	id	id	[_++	sta_++	]_++	^_++	__++	sta_++	id	id	id	id	id	id	id	id	id	id	id	id	id	id	id	id	id	id	cas	id	id	id	id	id	id	id	{_++	|_++	}_++	~_++	unc
??=	sta_++	!_++	"_++	#_++	$_++	%_++	&_++	'_++	(_++	)_++	*_++	+_++	,_++	-_++	._++	/_++	0_++	int_++	int_++	int_++	int_++	int_++	int_++	int_++	int_++	int_++	:_++	;_++	<_++	=_++	>_++	?_++	@_++	id_++	id_++	id_++	id_++	id_++	id_++	id_++	id_++	id_++	id_++	id_++	id_++	id_++	id_++	id_++	id_++	id_++	id_++	id_++	id_++	id_++	id_++	id_++	id_++	id_++	id_++	[_++	sta_++	]_++	^_++	__++	sta_++	id_++	b_++	c_++	d_++	e_++	f_++	g_++	id_++	i_++	id_++	id_++	id_++	m_++	n_++	id_++	p_++	id_++	r_++	s_++	t_++	u_++	v_++	w_++	id_++	id_++	id_++	{_++	|_++	}_++	~_++	unc
)	sta_++	!_++	"_++	#_++	$_++	%_++	&_++	'_++	(_++	)_++	*_++	+_++	,_++	-_++	._++	/_++	0_++	int_++	int_++	int_++	int_++	int_++	int_++	int_++	int_++	int_++	:_++	;_++	<_++	=_++	>_++	?_++	@_++	id_++	id_++	id_++	id_++	id_++	id_++	id_++	id_++	id_++	id_++	id_++	id_++	id_++	id_++	id_++	id_++	id_++	id_++	id_++	id_++	id_++	id_++	id_++	id_++	id_++	id_++	[_++	sta_++	]_++	^_++	__++	sta_++	id_++	b_++	c_++	d_++	e_++	f_++	g_++	id_++	i_++	id_++	id_++	id_++	m_++	n_++	id_++	p_++	id_++	r_++	s_++	t_++	u_++	v_++	w_++	id_++	id_++	id_++	{_++	|_++	}_++	~_++	unc
i3	sta_++	!_++	"_++	#_++	$_++	%_++	&_++	'_++	(_++	)_++	*_++	+_++	,_++	-_++	._++	/_++	id	id	i32	id	id	id	id	id	id	id	:_++	;_++	<_++	=_++	>_++	?_++	@_++	id	id	id	id	id	id	id	id	id	id	id	id	id	id	id	id	id	id	id	id	id	id	id	id	id	id	[_++	sta_++	]_++	^_++	__++	sta_++	id	id	id	id	id	id	id	id	id	id	id	id	id	id	id	id	id	id	id	id	id	id	id	id	id	id	{_++	|_++	}_++	~_++	unc
*/	sta_++	!_++	"_++	#_++	$_++	%_++	&_++	'_++	(_++	)_++	*_++	+_++	,_++	-_++	._++	/_++	0_++	int_++	int_++	int_++	int_++	int_++	int_++	int_++	int_++	int_++	:_++	;_++	<_++	=_++	>_++	?_++	@_++	id_++	id_++	id_++	id_++	id_++	id_++	id_++	id_++	id_++	id_++	id_++	id_++	id_++	id_++	id_++	id_++	id_++	id_++	id_++	id_++	id_++	id_++	id_++	id_++	id_++	id_++	[_++	sta_++	]_++	^_++	__++	sta_++	id_++	b_++	c_++	d_++	e_++	f_++	g_++	id_++	i_++	id_++	id_++	id_++	m_++	n_++	id_++	p_++	id_++	r_++	s_++	t_++	u_++	v_++	w_++	id_++	id_++	id_++	{_++	|_++	}_++	~_++	unc
cont	sta_++	!_++	"_++	#_++	$_++	%_++	&_++	'_++	(_++	)_++	*_++	+_++	,_++	-_++	._++	/_++	id	id	id	id	id	id	id	id	id	id	:_++	;_++	<_++	=_++	>_++	?_++	@_++	id	id	id	id	id	id	id	id	id	id	id	id	id	id	id	id	id	id	id	id	id	id	id	id	id	id	[_++	sta_++	]_++	^_++	__++	sta_++	id	id	id	id	id	id	id	id	conti	id	id	id	id	id	id	id	id	id	id	id	id	id	id	id	id	id	{_++	|_++	}_++	~_++	unc
--	sta_++	!_++	"_++	#_++	$_++	%_++	&_++	'_++	(_++	)_++	*_++	+_++	,_++	-_++	._++	/_++	0_++	int_++	int_++	int_++	int_++	int_++	int_++	int_++	int_++	int_++	:_++	;_++	<_++	=_++	>_++	?_++	@_++	id_++	id_++	id_++	id_++	id_++	id_++	id_++	id_++	id_++	id_++	id_++	id_++	id_++	id_++	id_++	id_++	id_++	id_++	id_++	id_++	id_++	id_++	id_++	id_++	id_++	id_++	[_++	sta_++	]_++	^_++	__++	sta_++	id_++	b_++	c_++	d_++	e_++	f_++	g_++	id_++	i_++	id_++	id_++	id_++	m_++	n_++	id_++	p_++	id_++	r_++	s_++	t_++	u_++	v_++	w_++	id_++	id_++	id_++	{_++	|_++	}_++	~_++	unc
...	sta_++	!_++	"_++	#_++	$_++	%_++	&_++	'_++	(_++	)_++	*_++	+_++	,_++	-_++	._++	/_++	0_++	int_++	int_++	int_++	int_++	int_++	int_++	int_++	int_++	int_++	:_++	;_++	<_++	=_++	>_++	?_++	@_++	id_++	id_++	id_++	id_++	id_++	id_++	id_++	id_++	id_++	id_++	id_++	id_++	id_++	id_++	id_++	id_++	id_++	id_++	id_++	id_++	id_++	id_++	id_++	id_++	id_++	id_++	[_++	sta_++	]_++	^_++	__++	sta_++	id_++	b_++	c_++	d_++	e_++	f_++	g_++	id_++	i_++	id_++	id_++	id_++	m_++	n_++	id_++	p_++	id_++	r_++	s_++	t_++	u_++	v_++	w_++	id_++	id_++	id_++	{_++	|_++	}_++	~_++	unc
pr	sta_++	!_++	"_++	#_++	$_++	%_++	&_++	'_++	(_++	)_++	*_++	+_++	,_++	-_++	._++	/_++	id	id	id	id	id	id	id	id	id	id	:_++	;_++	<_++	=_++	>_++	?_++	@_++	id	id	id	id	id	id	id	id	id	id	id	id	id	id	id	id	id	id	id	id	id	id	id	id	id	id	[_++	sta_++	]_++	^_++	__++	sta_++	id	id	id	id	id	id	id	id	pri	id	id	id	id	id	id	id	id	id	id	id	id	id	id	id	id	id	{_++	|_++	}_++	~_++	unc
fo	sta_++	!_++	"_++	#_++	$_++	%_++	&_++	'_++	(_++	)_++	*_++	+_++	,_++	-_++	._++	/_++	id	id	id	id	id	id	id	id	id	id	:_++	;_++	<_++	=_++	>_++	?_++	@_++	id	id	id	id	id	id	id	id	id	id	id	id	id	id	id	id	id	id	id	id	id	id	id	id	id	id	[_++	sta_++	]_++	^_++	__++	sta_++	id	id	id	id	id	id	id	id	id	id	id	id	id	id	id	id	id	for	id	id	id	id	id	id	id	id	{_++	|_++	}_++	~_++	unc
||	sta_++	!_++	"_++	#_++	$_++	%_++	&_++	'_++	(_++	)_++	*_++	+_++	,_++	-_++	._++	/_++	0_++	int_++	int_++	int_++	int_++	int_++	int_++	int_++	int_++	int_++	:_++	;_++	<_++	=_++	>_++	?_++	@_++	id_++	id_++	id_++	id_++	id_++	id_++	id_++	id_++	id_++	id_++	id_++	id_++	id_++	id_++	id_++	id_++	id_++	id_++	id_++	id_++	id_++	id_++	id_++	id_++	id_++	id_++	[_++	sta_++	]_++	^_++	__++	sta_++	id_++	b_++	c_++	d_++	e_++	f_++	g_++	id_++	i_++	id_++	id_++	id_++	m_++	n_++	id_++	p_++	id_++	r_++	s_++	t_++	u_++	v_++	w_++	id_++	id_++	id_++	{_++	|_++	}_++	~_++	unc
~/	sta_++	!_++	"_++	#_++	$_++	%_++	&_++	'_++	(_++	)_++	*_++	+_++	,_++	-_++	._++	/_++	0_++	int_++	int_++	int_++	int_++	int_++	int_++	int_++	int_++	int_++	:_++	;_++	<_++	~/=	>_++	?_++	@_++	id_++	id_++	id_++	id_++	id_++	id_++	id_++	id_++	id_++	id_++	id_++	id_++	id_++	id_++	id_++	id_++	id_++	id_++	id_++	id_++	id_++	id_++	id_++	id_++	id_++	id_++	[_++	sta_++	]_++	^_++	__++	sta_++	id_++	b_++	c_++	d_++	e_++	f_++	g_++	id_++	i_++	id_++	id_++	id_++	m_++	n_++	id_++	p_++	id_++	r_++	s_++	t_++	u_++	v_++	w_++	id_++	id_++	id_++	{_++	|_++	}_++	~_++	unc
{	sta_++	!_++	"_++	#_++	$_++	%_++	&_++	'_++	(_++	)_++	*_++	+_++	,_++	-_++	._++	/_++	0_++	int_++	int_++	int_++	int_++	int_++	int_++	int_++	int_++	int_++	:_++	;_++	<_++	=_++	>_++	?_++	@_++	id_++	id_++	id_++	id_++	id_++	id_++	id_++	id_++	id_++	id_++	id_++	id_++	id_++	id_++	id_++	id_++	id_++	id_++	id_++	id_++	id_++	id_++	id_++	id_++	id_++	id_++	[_++	sta_++	]_++	^_++	__++	sta_++	id_++	b_++	c_++	d_++	e_++	f_++	g_++	id_++	i_++	id_++	id_++	id_++	m_++	n_++	id_++	p_++	id_++	r_++	s_++	t_++	u_++	v_++	w_++	id_++	id_++	id_++	{_++	|_++	}_++	~_++	unc
f	sta_++	!_++	"_++	#_++	$_++	%_++	&_++	'_++	(_++	)_++	*_++	+_++	,_++	-_++	._++	/_++	id	f1	id	f3	id	id	f6	id	f8	id	:_++	;_++	<_++	=_++	>_++	?_++	@_++	id	id	id	id	id	id	id	id	id	id	id	id	id	id	id	id	id	id	id	id	id	id	id	id	id	id	[_++	sta_++	]_++	^_++	__++	sta_++	id	id	id	id	id	id	id	id	id	id	id	id	id	id	fo	id	id	id	id	id	id	id	id	id	id	id	{_++	|_++	}_++	~_++	unc
!#	sta_++	!_++	"_++	#_++	$_++	%_++	&_++	'_++	(_++	)_++	*_++	+_++	,_++	-_++	._++	/_++	0_++	int_++	int_++	int_++	int_++	int_++	int_++	int_++	int_++	int_++	:_++	;_++	<_++	=_++	>_++	?_++	@_++	id_++	id_++	id_++	id_++	id_++	id_++	id_++	id_++	id_++	id_++	id_++	id_++	id_++	id_++	id_++	id_++	id_++	id_++	id_++	id_++	id_++	id_++	id_++	id_++	id_++	id_++	[_++	sta_++	]_++	^_++	__++	sta_++	id_++	b_++	c_++	d_++	e_++	f_++	g_++	id_++	i_++	id_++	id_++	id_++	m_++	n_++	id_++	p_++	id_++	r_++	s_++	t_++	u_++	v_++	w_++	id_++	id_++	id_++	{_++	|_++	}_++	~_++	unc
++	sta_++	!_++	"_++	#_++	$_++	%_++	&_++	'_++	(_++	)_++	*_++	+_++	,_++	-_++	._++	/_++	0_++	int_++	int_++	int_++	int_++	int_++	int_++	int_++	int_++	int_++	:_++	;_++	<_++	=_++	>_++	?_++	@_++	id_++	id_++	id_++	id_++	id_++	id_++	id_++	id_++	id_++	id_++	id_++	id_++	id_++	id_++	id_++	id_++	id_++	id_++	id_++	id_++	id_++	id_++	id_++	id_++	id_++	id_++	[_++	sta_++	]_++	^_++	__++	sta_++	id_++	b_++	c_++	d_++	e_++	f_++	g_++	id_++	i_++	id_++	id_++	id_++	m_++	n_++	id_++	p_++	id_++	r_++	s_++	t_++	u_++	v_++	w_++	id_++	id_++	id_++	{_++	|_++	}_++	~_++	unc
nul	sta_++	!_++	"_++	#_++	$_++	%_++	&_++	'_++	(_++	)_++	*_++	+_++	,_++	-_++	._++	/_++	id	id	id	id	id	id	id	id	id	id	:_++	;_++	<_++	=_++	>_++	?_++	@_++	id	id	id	id	id	id	id	id	id	id	id	id	id	id	id	id	id	id	id	id	id	id	id	id	id	id	[_++	sta_++	]_++	^_++	__++	sta_++	id	id	id	id	id	id	id	id	id	id	id	null	id	id	id	id	id	id	id	id	id	id	id	id	id	id	{_++	|_++	}_++	~_++	unc
?.	sta_++	!_++	"_++	#_++	$_++	%_++	&_++	'_++	(_++	)_++	*_++	+_++	,_++	-_++	._++	/_++	0_++	int_++	int_++	int_++	int_++	int_++	int_++	int_++	int_++	int_++	:_++	;_++	<_++	=_++	>_++	?_++	@_++	id_++	id_++	id_++	id_++	id_++	id_++	id_++	id_++	id_++	id_++	id_++	id_++	id_++	id_++	id_++	id_++	id_++	id_++	id_++	id_++	id_++	id_++	id_++	id_++	id_++	id_++	[_++	sta_++	]_++	^_++	__++	sta_++	id_++	b_++	c_++	d_++	e_++	f_++	g_++	id_++	i_++	id_++	id_++	id_++	m_++	n_++	id_++	p_++	id_++	r_++	s_++	t_++	u_++	v_++	w_++	id_++	id_++	id_++	{_++	|_++	}_++	~_++	unc
<<=	sta_++	!_++	"_++	#_++	$_++	%_++	&_++	'_++	(_++	)_++	*_++	+_++	,_++	-_++	._++	/_++	0_++	int_++	int_++	int_++	int_++	int_++	int_++	int_++	int_++	int_++	:_++	;_++	<_++	=_++	>_++	?_++	@_++	id_++	id_++	id_++	id_++	id_++	id_++	id_++	id_++	id_++	id_++	id_++	id_++	id_++	id_++	id_++	id_++	id_++	id_++	id_++	id_++	id_++	id_++	id_++	id_++	id_++	id_++	[_++	sta_++	]_++	^_++	__++	sta_++	id_++	b_++	c_++	d_++	e_++	f_++	g_++	id_++	i_++	id_++	id_++	id_++	m_++	n_++	id_++	p_++	id_++	r_++	s_++	t_++	u_++	v_++	w_++	id_++	id_++	id_++	{_++	|_++	}_++	~_++	unc
?!@	sta_++	!_++	"_++	#_++	$_++	%_++	&_++	'_++	(_++	)_++	*_++	+_++	,_++	-_++	._++	/_++	0_++	int_++	int_++	int_++	int_++	int_++	int_++	int_++	int_++	int_++	:_++	;_++	<_++	=_++	>_++	?_++	@_++	id_++	id_++	id_++	id_++	id_++	id_++	id_++	id_++	id_++	id_++	id_++	id_++	id_++	id_++	id_++	id_++	id_++	id_++	id_++	id_++	id_++	id_++	id_++	id_++	id_++	id_++	[_++	sta_++	]_++	^_++	__++	sta_++	id_++	b_++	c_++	d_++	e_++	f_++	g_++	id_++	i_++	id_++	id_++	id_++	m_++	n_++	id_++	p_++	id_++	r_++	s_++	t_++	u_++	v_++	w_++	id_++	id_++	id_++	{_++	|_++	}_++	~_++	unc
el	sta_++	!_++	"_++	#_++	$_++	%_++	&_++	'_++	(_++	)_++	*_++	+_++	,_++	-_++	._++	/_++	id	id	id	id	id	id	id	id	id	id	:_++	;_++	<_++	=_++	>_++	?_++	@_++	id	id	id	id	id	id	id	id	id	id	id	id	id	id	id	id	id	id	id	id	id	id	id	id	id	id	[_++	sta_++	]_++	^_++	__++	sta_++	id	id	id	id	id	id	id	id	id	id	id	id	id	id	id	id	id	id	els	id	id	id	id	id	id	id	{_++	|_++	}_++	~_++	unc
main	sta_++	!_++	"_++	#_++	$_++	%_++	&_++	'_++	(_++	)_++	*_++	+_++	,_++	-_++	._++	/_++	id	id	id	id	id	id	id	id	id	id	:_++	;_++	<_++	=_++	>_++	?_++	@_++	id	id	id	id	id	id	id	id	id	id	id	id	id	id	id	id	id	id	id	id	id	id	id	id	id	id	[_++	sta_++	]_++	^_++	__++	sta_++	id	id	id	id	id	id	id	id	id	id	id	id	id	id	id	id	id	id	id	id	id	id	id	id	id	id	{_++	|_++	}_++	~_++	unc
re	sta_++	!_++	"_++	#_++	$_++	%_++	&_++	'_++	(_++	)_++	*_++	+_++	,_++	-_++	._++	/_++	id	id	id	id	id	id	id	id	id	id	:_++	;_++	<_++	=_++	>_++	?_++	@_++	id	id	id	id	id	id	id	id	id	id	id	id	id	id	id	id	id	id	id	id	id	id	id	id	id	id	[_++	sta_++	]_++	^_++	__++	sta_++	id	id	id	id	id	id	id	id	id	id	id	id	id	id	id	id	id	id	id	ret	id	id	id	id	id	id	{_++	|_++	}_++	~_++	unc
-	sta_++	!_++	"_++	#_++	$_++	%_++	&_++	'_++	(_++	)_++	*_++	+_++	,_++	--	._++	/_++	0_++	int_++	int_++	int_++	int_++	int_++	int_++	int_++	int_++	int_++	:_++	;_++	<_++	-=	->	?_++	@_++	id_++	id_++	id_++	id_++	id_++	id_++	id_++	id_++	id_++	id_++	id_++	id_++	id_++	id_++	id_++	id_++	id_++	id_++	id_++	id_++	id_++	id_++	id_++	id_++	id_++	id_++	[_++	sta_++	]_++	^_++	__++	sta_++	id_++	b_++	c_++	d_++	e_++	f_++	g_++	id_++	i_++	id_++	id_++	id_++	m_++	n_++	id_++	p_++	id_++	r_++	s_++	t_++	u_++	v_++	w_++	id_++	id_++	id_++	{_++	|_++	}_++	~_++	unc
!.	sta_++	!_++	"_++	#_++	$_++	%_++	&_++	'_++	(_++	)_++	*_++	+_++	,_++	-_++	._++	/_++	0_++	int_++	int_++	int_++	int_++	int_++	int_++	int_++	int_++	int_++	:_++	;_++	<_++	=_++	>_++	?_++	@_++	id_++	id_++	id_++	id_++	id_++	id_++	id_++	id_++	id_++	id_++	id_++	id_++	id_++	id_++	id_++	id_++	id_++	id_++	id_++	id_++	id_++	id_++	id_++	id_++	id_++	id_++	[_++	sta_++	]_++	^_++	__++	sta_++	id_++	b_++	c_++	d_++	e_++	f_++	g_++	id_++	i_++	id_++	id_++	id_++	m_++	n_++	id_++	p_++	id_++	r_++	s_++	t_++	u_++	v_++	w_++	id_++	id_++	id_++	{_++	|_++	}_++	~_++	unc
swi	sta_++	!_++	"_++	#_++	$_++	%_++	&_++	'_++	(_++	)_++	*_++	+_++	,_++	-_++	._++	/_++	id	id	id	id	id	id	id	id	id	id	:_++	;_++	<_++	=_++	>_++	?_++	@_++	id	id	id	id	id	id	id	id	id	id	id	id	id	id	id	id	id	id	id	id	id	id	id	id	id	id	[_++	sta_++	]_++	^_++	__++	sta_++	id	id	id	id	id	id	id	id	id	id	id	id	id	id	id	id	id	id	id	swit	id	id	id	id	id	id	{_++	|_++	}_++	~_++	unc
f8	sta_++	!_++	"_++	#_++	$_++	%_++	&_++	'_++	(_++	)_++	*_++	+_++	,_++	-_++	._++	/_++	id	id	id	id	id	id	id	id	id	id	:_++	;_++	<_++	=_++	>_++	?_++	@_++	id	id	id	id	id	id	id	id	id	id	id	id	id	id	id	id	id	id	id	id	id	id	id	id	id	id	[_++	sta_++	]_++	^_++	__++	sta_++	id	id	id	id	id	id	id	id	id	id	id	id	id	id	id	id	id	id	id	id	id	id	id	id	id	id	{_++	|_++	}_++	~_++	unc
f3	sta_++	!_++	"_++	#_++	$_++	%_++	&_++	'_++	(_++	)_++	*_++	+_++	,_++	-_++	._++	/_++	id	id	f32	id	id	id	id	id	id	id	:_++	;_++	<_++	=_++	>_++	?_++	@_++	id	id	id	id	id	id	id	id	id	id	id	id	id	id	id	id	id	id	id	id	id	id	id	id	id	id	[_++	sta_++	]_++	^_++	__++	sta_++	id	id	id	id	id	id	id	id	id	id	id	id	id	id	id	id	id	id	id	id	id	id	id	id	id	id	{_++	|_++	}_++	~_++	unc
#	sta_++	!_++	"_++	#_++	$_++	%_++	&_++	'_++	(_++	)_++	*_++	+_++	,_++	-_++	._++	/_++	0_++	int_++	int_++	int_++	int_++	int_++	int_++	int_++	int_++	int_++	:_++	;_++	<_++	=_++	>_++	?_++	@_++	id_++	id_++	id_++	id_++	id_++	id_++	id_++	id_++	id_++	id_++	id_++	id_++	id_++	id_++	id_++	id_++	id_++	id_++	id_++	id_++	id_++	id_++	id_++	id_++	id_++	id_++	[_++	sta_++	]_++	^_++	__++	sta_++	id_++	b_++	c_++	d_++	e_++	f_++	g_++	id_++	i_++	id_++	id_++	id_++	m_++	n_++	id_++	p_++	id_++	r_++	s_++	t_++	u_++	v_++	w_++	id_++	id_++	id_++	{_++	|_++	}_++	~_++	unc
f6	sta_++	!_++	"_++	#_++	$_++	%_++	&_++	'_++	(_++	)_++	*_++	+_++	,_++	-_++	._++	/_++	id	id	id	id	f64	id	id	id	id	id	:_++	;_++	<_++	=_++	>_++	?_++	@_++	id	id	id	id	id	id	id	id	id	id	id	id	id	id	id	id	id	id	id	id	id	id	id	id	id	id	[_++	sta_++	]_++	^_++	__++	sta_++	id	id	id	id	id	id	id	id	id	id	id	id	id	id	id	id	id	id	id	id	id	id	id	id	id	id	{_++	|_++	}_++	~_++	unc
ma	sta_++	!_++	"_++	#_++	$_++	%_++	&_++	'_++	(_++	)_++	*_++	+_++	,_++	-_++	._++	/_++	id	id	id	id	id	id	id	id	id	id	:_++	;_++	<_++	=_++	>_++	?_++	@_++	id	id	id	id	id	id	id	id	id	id	id	id	id	id	id	id	id	id	id	id	id	id	id	id	id	id	[_++	sta_++	]_++	^_++	__++	sta_++	id	id	id	id	id	id	id	id	mai	id	id	id	id	id	id	id	id	id	id	mat	id	id	id	id	id	id	{_++	|_++	}_++	~_++	unc
i1	sta_++	!_++	"_++	#_++	$_++	%_++	&_++	'_++	(_++	)_++	*_++	+_++	,_++	-_++	._++	/_++	id	id	id	id	id	id	i16	id	id	id	:_++	;_++	<_++	=_++	>_++	?_++	@_++	id	id	id	id	id	id	id	id	id	id	id	id	id	id	id	id	id	id	id	id	id	id	id	id	id	id	[_++	sta_++	]_++	^_++	__++	sta_++	id	id	id	id	id	id	id	id	id	id	id	id	id	id	id	id	id	id	id	id	id	id	id	id	id	id	{_++	|_++	}_++	~_++	unc
?#	sta_++	!_++	"_++	#_++	$_++	%_++	&_++	'_++	(_++	)_++	*_++	+_++	,_++	-_++	._++	/_++	0_++	int_++	int_++	int_++	int_++	int_++	int_++	int_++	int_++	int_++	:_++	;_++	<_++	=_++	>_++	?_++	@_++	id_++	id_++	id_++	id_++	id_++	id_++	id_++	id_++	id_++	id_++	id_++	id_++	id_++	id_++	id_++	id_++	id_++	id_++	id_++	id_++	id_++	id_++	id_++	id_++	id_++	id_++	[_++	sta_++	]_++	^_++	__++	sta_++	id_++	b_++	c_++	d_++	e_++	f_++	g_++	id_++	i_++	id_++	id_++	id_++	m_++	n_++	id_++	p_++	id_++	r_++	s_++	t_++	u_++	v_++	w_++	id_++	id_++	id_++	{_++	|_++	}_++	~_++	unc
&&	sta_++	!_++	"_++	#_++	$_++	%_++	&_++	'_++	(_++	)_++	*_++	+_++	,_++	-_++	._++	/_++	0_++	int_++	int_++	int_++	int_++	int_++	int_++	int_++	int_++	int_++	:_++	;_++	<_++	=_++	>_++	?_++	@_++	id_++	id_++	id_++	id_++	id_++	id_++	id_++	id_++	id_++	id_++	id_++	id_++	id_++	id_++	id_++	id_++	id_++	id_++	id_++	id_++	id_++	id_++	id_++	id_++	id_++	id_++	[_++	sta_++	]_++	^_++	__++	sta_++	id_++	b_++	c_++	d_++	e_++	f_++	g_++	id_++	i_++	id_++	id_++	id_++	m_++	n_++	id_++	p_++	id_++	r_++	s_++	t_++	u_++	v_++	w_++	id_++	id_++	id_++	{_++	|_++	}_++	~_++	unc
<	sta_++	!_++	"_++	#_++	$_++	%_++	&_++	'_++	(_++	)_++	*_++	+_++	,_++	-_++	._++	/_++	0_++	int_++	int_++	int_++	int_++	int_++	int_++	int_++	int_++	int_++	:_++	;_++	<<	<=	>_++	?_++	@_++	id_++	id_++	id_++	id_++	id_++	id_++	id_++	id_++	id_++	id_++	id_++	id_++	id_++	id_++	id_++	id_++	id_++	id_++	id_++	id_++	id_++	id_++	id_++	id_++	id_++	id_++	[_++	sta_++	]_++	^_++	__++	sta_++	id_++	b_++	c_++	d_++	e_++	f_++	g_++	id_++	i_++	id_++	id_++	id_++	m_++	n_++	id_++	p_++	id_++	r_++	s_++	t_++	u_++	v_++	w_++	id_++	id_++	id_++	{_++	|_++	}_++	~_++	unc
glyph	sta_++	!_++	"_++	#_++	$_++	%_++	&_++	'_++	(_++	)_++	*_++	+_++	,_++	-_++	._++	/_++	id	id	id	id	id	id	id	id	id	id	:_++	;_++	<_++	=_++	>_++	?_++	@_++	id	id	id	id	id	id	id	id	id	id	id	id	id	id	id	id	id	id	id	id	id	id	id	id	id	id	[_++	sta_++	]_++	^_++	__++	sta_++	id	id	id	id	id	id	id	id	id	id	id	id	id	id	id	id	id	id	id	id	id	id	id	id	id	id	{_++	|_++	}_++	~_++	unc
t	sta_++	!_++	"_++	#_++	$_++	%_++	&_++	'_++	(_++	)_++	*_++	+_++	,_++	-_++	._++	/_++	id	id	id	id	id	id	id	id	id	id	:_++	;_++	<_++	=_++	>_++	?_++	@_++	id	id	id	id	id	id	id	id	id	id	id	id	id	id	id	id	id	id	id	id	id	id	id	id	id	id	[_++	sta_++	]_++	^_++	__++	sta_++	id	id	id	id	id	id	id	id	id	id	id	id	id	id	id	id	id	id	id	id	id	id	id	id	ty	id	{_++	|_++	}_++	~_++	unc
byt	sta_++	!_++	"_++	#_++	$_++	%_++	&_++	'_++	(_++	)_++	*_++	+_++	,_++	-_++	._++	/_++	id	id	id	id	id	id	id	id	id	id	:_++	;_++	<_++	=_++	>_++	?_++	@_++	id	id	id	id	id	id	id	id	id	id	id	id	id	id	id	id	id	id	id	id	id	id	id	id	id	id	[_++	sta_++	]_++	^_++	__++	sta_++	id	id	id	id	byte	id	id	id	id	id	id	id	id	id	id	id	id	id	id	id	id	id	id	id	id	id	{_++	|_++	}_++	~_++	unc
e	sta_++	!_++	"_++	#_++	$_++	%_++	&_++	'_++	(_++	)_++	*_++	+_++	,_++	-_++	._++	/_++	id	id	id	id	id	id	id	id	id	id	:_++	;_++	<_++	=_++	>_++	?_++	@_++	id	id	id	id	id	id	id	id	id	id	id	id	id	id	id	id	id	id	id	id	id	id	id	id	id	id	[_++	sta_++	]_++	^_++	__++	sta_++	id	id	id	id	id	id	id	id	id	id	id	el	id	id	id	id	id	id	id	id	id	id	id	id	id	id	{_++	|_++	}_++	~_++	unc
u1	sta_++	!_++	"_++	#_++	$_++	%_++	&_++	'_++	(_++	)_++	*_++	+_++	,_++	-_++	._++	/_++	id	id	id	id	id	id	u16	id	id	id	:_++	;_++	<_++	=_++	>_++	?_++	@_++	id	id	id	id	id	id	id	id	id	id	id	id	id	id	id	id	id	id	id	id	id	id	id	id	id	id	[_++	sta_++	]_++	^_++	__++	sta_++	id	id	id	id	id	id	id	id	id	id	id	id	id	id	id	id	id	id	id	id	id	id	id	id	id	id	{_++	|_++	}_++	~_++	unc
/*	sta_++	!_++	"_++	#_++	$_++	%_++	&_++	'_++	(_++	)_++	*_++	+_++	,_++	-_++	._++	/_++	0_++	int_++	int_++	int_++	int_++	int_++	int_++	int_++	int_++	int_++	:_++	;_++	<_++	=_++	>_++	?_++	@_++	id_++	id_++	id_++	id_++	id_++	id_++	id_++	id_++	id_++	id_++	id_++	id_++	id_++	id_++	id_++	id_++	id_++	id_++	id_++	id_++	id_++	id_++	id_++	id_++	id_++	id_++	[_++	sta_++	]_++	^_++	__++	sta_++	id_++	b_++	c_++	d_++	e_++	f_++	g_++	id_++	i_++	id_++	id_++	id_++	m_++	n_++	id_++	p_++	id_++	r_++	s_++	t_++	u_++	v_++	w_++	id_++	id_++	id_++	{_++	|_++	}_++	~_++	unc
printl	sta_++	!_++	"_++	#_++	$_++	%_++	&_++	'_++	(_++	)_++	*_++	+_++	,_++	-_++	._++	/_++	id	id	id	id	id	id	id	id	id	id	:_++	;_++	<_++	=_++	>_++	?_++	@_++	id	id	id	id	id	id	id	id	id	id	id	id	id	id	id	id	id	id	id	id	id	id	id	id	id	id	[_++	sta_++	]_++	^_++	__++	sta_++	id	id	id	id	id	id	id	id	id	id	id	id	id	println	id	id	id	id	id	id	id	id	id	id	id	id	{_++	|_++	}_++	~_++	unc
match	sta_++	!_++	"_++	#_++	$_++	%_++	&_++	'_++	(_++	)_++	*_++	+_++	,_++	-_++	._++	/_++	id	id	id	id	id	id	id	id	id	id	:_++	;_++	<_++	=_++	>_++	?_++	@_++	id	id	id	id	id	id	id	id	id	id	id	id	id	id	id	id	id	id	id	id	id	id	id	id	id	id	[_++	sta_++	]_++	^_++	__++	sta_++	id	id	id	id	id	id	id	id	id	id	id	id	id	id	id	id	id	id	id	id	id	id	id	id	id	id	{_++	|_++	}_++	~_++	unc
println	sta_++	!_++	"_++	#_++	$_++	%_++	&_++	'_++	(_++	)_++	*_++	+_++	,_++	-_++	._++	/_++	id	id	id	id	id	id	id	id	id	id	:_++	;_++	<_++	=_++	>_++	?_++	@_++	id	id	id	id	id	id	id	id	id	id	id	id	id	id	id	id	id	id	id	id	id	id	id	id	id	id	[_++	sta_++	]_++	^_++	__++	sta_++	id	id	id	id	id	id	id	id	id	id	id	id	id	id	id	id	id	id	id	id	id	id	id	id	id	id	{_++	|_++	}_++	~_++	unc
break	sta_++	!_++	"_++	#_++	$_++	%_++	&_++	'_++	(_++	)_++	*_++	+_++	,_++	-_++	._++	/_++	id	id	id	id	id	id	id	id	id	id	:_++	;_++	<_++	=_++	>_++	?_++	@_++	id	id	id	id	id	id	id	id	id	id	id	id	id	id	id	id	id	id	id	id	id	id	id	id	id	id	[_++	sta_++	]_++	^_++	__++	sta_++	id	id	id	id	id	id	id	id	id	id	id	id	id	id	id	id	id	id	id	id	id	id	id	id	id	id	{_++	|_++	}_++	~_++	unc
n	sta_++	!_++	"_++	#_++	$_++	%_++	&_++	'_++	(_++	)_++	*_++	+_++	,_++	-_++	._++	/_++	id	id	id	id	id	id	id	id	id	id	:_++	;_++	<_++	=_++	>_++	?_++	@_++	id	id	id	id	id	id	id	id	id	id	id	id	id	id	id	id	id	id	id	id	id	id	id	id	id	id	[_++	sta_++	]_++	^_++	__++	sta_++	id	id	id	id	id	id	id	id	id	id	id	id	id	id	id	id	id	id	id	id	nu	id	id	id	id	id	{_++	|_++	}_++	~_++	unc
us	sta_++	!_++	"_++	#_++	$_++	%_++	&_++	'_++	(_++	)_++	*_++	+_++	,_++	-_++	._++	/_++	id	id	id	id	id	id	id	id	id	id	:_++	;_++	<_++	=_++	>_++	?_++	@_++	id	id	id	id	id	id	id	id	id	id	id	id	id	id	id	id	id	id	id	id	id	id	id	id	id	id	[_++	sta_++	]_++	^_++	__++	sta_++	id	id	id	id	id	id	id	id	usi	id	id	id	id	id	id	id	id	id	id	id	id	id	id	id	id	id	{_++	|_++	}_++	~_++	unc
u16	sta_++	!_++	"_++	#_++	$_++	%_++	&_++	'_++	(_++	)_++	*_++	+_++	,_++	-_++	._++	/_++	id	id	id	id	id	id	id	id	id	id	:_++	;_++	<_++	=_++	>_++	?_++	@_++	id	id	id	id	id	id	id	id	id	id	id	id	id	id	id	id	id	id	id	id	id	id	id	id	id	id	[_++	sta_++	]_++	^_++	__++	sta_++	id	id	id	id	id	id	id	id	id	id	id	id	id	id	id	id	id	id	id	id	id	id	id	id	id	id	{_++	|_++	}_++	~_++	unc
sw	sta_++	!_++	"_++	#_++	$_++	%_++	&_++	'_++	(_++	)_++	*_++	+_++	,_++	-_++	._++	/_++	id	id	id	id	id	id	id	id	id	id	:_++	;_++	<_++	=_++	>_++	?_++	@_++	id	id	id	id	id	id	id	id	id	id	id	id	id	id	id	id	id	id	id	id	id	id	id	id	id	id	[_++	sta_++	]_++	^_++	__++	sta_++	id	id	id	id	id	id	id	id	swi	id	id	id	id	id	id	id	id	id	id	id	id	id	id	id	id	id	{_++	|_++	}_++	~_++	unc
sta	sta_--	!	"	#	$	%	&	'	(	)	*	+	,	-	.	/	0	int	int	int	int	int	int	int	int	int	:	;	<	=	>	?	@	id	id	id	id	id	id	id	id	id	id	id	id	id	id	id	id	id	id	id	id	id	id	id	id	id	id	[	sta_--	]	^	_	sta_--	id	b	c	d	e	f	g	id	i	id	id	id	m	n	id	p	id	r	s	t	u	v	w	id	id	id	{	|	}	~	unc
id	sta_++	!_++	"_++	#_++	$_++	%_++	&_++	'_++	(_++	)_++	*_++	+_++	,_++	-_++	._++	/_++	id	id	id	id	id	id	id	id	id	id	:_++	;_++	<_++	=_++	>_++	?_++	@_++	id	id	id	id	id	id	id	id	id	id	id	id	id	id	id	id	id	id	id	id	id	id	id	id	id	id	[_++	sta_++	]_++	^_++	id	sta_++	id	id	id	id	id	id	id	id	id	id	id	id	id	id	id	id	id	id	id	id	id	id	id	id	id	id	{_++	|_++	}_++	~_++	unc
pid	sta_++	!_++	"_++	#_++	$_++	%_++	&_++	'_++	(_++	)_++	*_++	+_++	,_++	-_++	._++	/_++	pid	pid	pid	pid	pid	pid	pid	pid	pid	pid	:_++	;_++	<_++	=_++	>_++	?_++	@_++	pid	pid	pid	pid	pid	pid	pid	pid	pid	pid	pid	pid	pid	pid	pid	pid	pid	pid	pid	pid	pid	pid	pid	pid	pid	pid	[_++	sta_++	]_++	^_++	pid	sta_++	pid	pid	pid	pid	pid	pid	pid	pid	pid	pid	pid	pid	pid	pid	pid	pid	pid	pid	pid	pid	pid	pid	pid	pid	pid	pid	{_++	|_++	}_++	~_++	unc
fl	sta_++	!_++	"_++	#_++	$_++	%_++	&_++	'_++	(_++	)_++	*_++	+_++	,_++	-_++	._++	/_++	fl	fl	fl	fl	fl	fl	fl	fl	fl	fl	:_++	;_++	<_++	=_++	>_++	?_++	@_++	id_++	id_++	id_++	id_++	id_++	id_++	id_++	id_++	id_++	id_++	id_++	id_++	id_++	id_++	id_++	id_++	id_++	id_++	id_++	id_++	id_++	id_++	id_++	id_++	id_++	id_++	[_++	sta_++	]_++	^_++	id_++	sta_++	id_++	id_++	id_++	id_++	id_++	id_++	id_++	id_++	id_++	id_++	id_++	id_++	id_++	id_++	id_++	id_++	id_++	id_++	id_++	id_++	id_++	id_++	id_++	id_++	id_++	id_++	{_++	|_++	}_++	~_++	unc
int	sta_++	!_++	"_++	#_++	$_++	%_++	&_++	'_++	(_++	)_++	*_++	+_++	,_++	-_++	d.	/_++	int	int	int	int	int	int	int	int	int	int	:_++	;_++	<_++	=_++	>_++	?_++	@_++	id	id	id	id	id	id	id	id	id	id	id	id	id	id	id	id	id	id	id	id	id	id	id	id	id	id	[_++	sta_++	]_++	^_++	id	sta_++	id	id	id	id	id	id	id	id	id	id	id	id	id	id	id	id	id	id	id	id	id	id	id	id	id	id	{_++	|_++	}_++	~_++	unc
hex	sta_++	!_++	"_++	#_++	$_++	%_++	&_++	'_++	(_++	)_++	*_++	+_++	,_++	-_++	._++	/_++	hex	hex	hex	hex	hex	hex	hex	hex	hex	hex	:_++	;_++	<_++	=_++	>_++	?_++	@_++	hex	hex	hex	hex	hex	hex	id	id	id	id	id	id	id	id	id	id	id	id	id	id	id	id	id	id	id	id	[_++	sta_++	]_++	^_++	id	sta_++	hex	hex	hex	hex	hex	hex	id	id	id	id	id	id	id	id	id	id	id	id	id	id	id	id	id	id	id	id	{_++	|_++	}_++	~_++	unc
oct	sta_++	!_++	"_++	#_++	$_++	%_++	&_++	'_++	(_++	)_++	*_++	+_++	,_++	-_++	._++	/_++	oct	oct	oct	oct	oct	oct	oct	oct	id	id	:_++	;_++	<_++	=_++	>_++	?_++	@_++	id	id	id	id	id	id	id	id	id	id	id	id	id	id	id	id	id	id	id	id	id	id	id	id	id	id	[_++	sta_++	]_++	^_++	id	sta_++	id	id	id	id	id	id	id	id	id	id	id	id	id	id	id	id	id	id	id	id	id	id	id	id	id	id	{_++	|_++	}_++	~_++	unc
bin	sta_++	!_++	"_++	#_++	$_++	%_++	&_++	'_++	(_++	)_++	*_++	+_++	,_++	-_++	._++	/_++	bin	bin	id	id	id	id	id	id	id	id	:_++	;_++	<_++	=_++	>_++	?_++	@_++	id	id	id	id	id	id	id	id	id	id	id	id	id	id	id	id	id	id	id	id	id	id	id	id	id	id	[_++	sta_++	]_++	^_++	id	sta_++	id	id	id	id	id	id	id	id	id	id	id	id	id	id	id	id	id	id	id	id	id	id	id	id	id	id	{_++	|_++	}_++	~_++	unc
unc																																																																																																
0	sta_++	!_++	"_++	#_++	$_++	%_++	&_++	'_++	(_++	)_++	*_++	+_++	,_++	-_++	d.	/_++	int	int	int	int	int	int	int	int	int	int	:_++	;_++	<_++	=_++	>_++	?_++	@_++	id	id	id	id	id	id	id	id	id	id	id	id	id	id	id	id	id	id	id	id	id	id	id	id	id	id	[_++	sta_++	]_++	^_++	id	sta_++	id	bin	id	id	id	id	id	id	id	id	id	id	id	id	oct	id	id	id	id	id	id	id	id	hex	id	id	{_++	|_++	}_++	~_++	unc
d.	sta_++	!_++	"_++	#_++	$_++	%_++	&_++	'_++	(_++	)_++	*_++	+_++	,_++	-_++	.._-+	/_++	fl	fl	fl	fl	fl	fl	fl	fl	fl	fl	:_++	;_++	<_++	=_++	>_++	?_++	@_++	id_++	id_++	id_++	id_++	id_++	id_++	id_++	id_++	id_++	id_++	id_++	id_++	id_++	id_++	id_++	id_++	id_++	id_++	id_++	id_++	id_++	id_++	id_++	id_++	id_++	id_++	[_++	sta_++	]_++	^_++	id_++	sta_++	id_++	id_++	id_++	id_++	id_++	id_++	id_++	id_++	id_++	id_++	id_++	id_++	id_++	id_++	id_++	id_++	id_++	id_++	id_++	id_++	id_++	id_++	id_++	id_++	id_++	id_++	{_++	|_++	}_++	~_++	unc
str																																																																																																
